,0,0,预测执行概率,预测结果,任务执行情况,TN,TP,FP,FN,正确情况,precision,recall,accuracy,,0.6
0,0.427696734,0.440468374,0.43280539,0,0,0,1,0,0,1,0.629392971,0.623417722,0.718562874,,
1,0.258570249,0.411730011,0.319834154,0,0,0,1,0,0,1,,,,,
2,0.409934336,0.444681575,0.423833231,0,1,0,0,0,1,0,,,,,
3,0.441711508,0.614271257,0.510735407,1,0,0,0,1,0,0,,,,,
4,0.445220696,0.4488941,0.446690058,0,0,0,1,0,0,1,,,,,
5,0.441201608,0.529118111,0.476368209,0,0,0,1,0,0,1,,,,,
6,0.466819917,0.463237709,0.465387034,0,1,0,0,0,1,0,,,,,
7,0.445685854,0.447932018,0.44658432,0,0,0,1,0,0,1,,,,,
8,0.459493409,0.508494211,0.47909373,0,0,0,1,0,0,1,,,,,
9,0.404652543,0.439663728,0.418657017,0,1,0,0,0,1,0,,,,,
10,0.413259661,0.417891162,0.415112262,0,0,0,1,0,0,1,,,,,
11,0.437137978,0.431055157,0.43470485,0,0,0,1,0,0,1,,,,,
12,0.468728854,0.467917958,0.468404496,0,1,0,0,0,1,0,,,,,
13,0.429871351,0.427424194,0.428892488,0,1,0,0,0,1,0,,,,,
14,0.433046768,0.451446219,0.440406549,0,1,0,0,0,1,0,,,,,
15,0.407749023,0.428330222,0.415981503,0,1,0,0,0,1,0,,,,,
16,0.435797634,0.418800884,0.428998934,0,1,0,0,0,1,0,,,,,
17,0.456719584,0.503820002,0.475559751,0,0,0,1,0,0,1,,,,,
18,0.470344752,0.469765858,0.470113195,0,1,0,0,0,1,0,,,,,
19,0.433226248,0.455448203,0.44211503,0,1,0,0,0,1,0,,,,,
20,0.431596514,0.446483417,0.437551275,0,1,0,0,0,1,0,,,,,
21,0.45066193,0.437772821,0.445506286,0,1,0,0,0,1,0,,,,,
22,0.44379151,0.425285662,0.436389171,0,0,0,1,0,0,1,,,,,
23,0.444830281,0.490540046,0.463114187,0,0,0,1,0,0,1,,,,,
24,0.489753831,0.475560959,0.484076682,0,0,0,1,0,0,1,,,,,
25,0.432651908,0.458630779,0.443043457,0,1,0,0,0,1,0,,,,,
26,0.443155934,0.422011396,0.434698118,0,1,0,0,0,1,0,,,,,
27,0.418770659,0.449429303,0.431034116,0,1,0,0,0,1,0,,,,,
28,0.437937502,0.456653938,0.445424077,0,0,0,1,0,0,1,,,,,
29,0.487679441,0.44942406,0.472377289,0,0,0,1,0,0,1,,,,,
30,0.333586098,0.41511933,0.366199391,0,0,0,1,0,0,1,,,,,
31,0.446698434,0.424321928,0.437747832,0,0,0,1,0,0,1,,,,,
32,0.46545842,0.450511262,0.459479557,0,1,0,0,0,1,0,,,,,
33,0.478998618,0.435911764,0.461763876,0,1,0,0,0,1,0,,,,,
34,0.334310474,0.407201313,0.363466809,0,0,0,1,0,0,1,,,,,
35,0.432020447,0.430317265,0.431339174,0,1,0,0,0,1,0,,,,,
36,0.614384997,0.472016872,0.557437747,1,0,0,0,1,0,0,,,,,
37,0.361088144,0.525447803,0.426832008,0,0,0,1,0,0,1,,,,,
38,0.559492097,0.446227118,0.514186105,1,0,0,0,1,0,0,,,,,
39,0.321080376,0.404701972,0.354529015,0,0,0,1,0,0,1,,,,,
40,0.43090373,0.438763223,0.434047527,0,0,0,1,0,0,1,,,,,
41,0.559956116,0.442163987,0.512839264,1,1,1,0,0,0,1,,,,,
42,0.524516266,0.457585926,0.49774413,0,0,0,1,0,0,1,,,,,
43,0.389458887,0.423825412,0.403205497,0,0,0,1,0,0,1,,,,,
44,0.281664515,0.414179782,0.334670622,0,0,0,1,0,0,1,,,,,
45,0.26274601,0.446864198,0.336393286,0,0,0,1,0,0,1,,,,,
46,0.544250308,0.453491481,0.507946778,1,0,0,0,1,0,0,,,,,
47,0.386111925,0.421916293,0.400433672,0,0,0,1,0,0,1,,,,,
48,0.542620198,0.458654377,0.50903387,1,0,0,0,1,0,0,,,,,
49,0.371361898,0.556608156,0.445460401,0,0,0,1,0,0,1,,,,,
50,0.31993926,0.441820814,0.368691882,0,0,0,1,0,0,1,,,,,
51,0.41948489,0.438968188,0.427278209,0,0,0,1,0,0,1,,,,,
52,0.250577776,0.58260397,0.383388254,0,0,0,1,0,0,1,,,,,
53,0.658138656,0.46729096,0.581799578,1,0,0,0,1,0,0,,,,,
54,0.522778418,0.429917469,0.485634039,0,0,0,1,0,0,1,,,,,
55,0.320237725,0.492313626,0.389068085,0,0,0,1,0,0,1,,,,,
56,0.387518002,0.454537178,0.414325672,0,0,0,1,0,0,1,,,,,
57,0.615687532,0.479441779,0.561189231,1,0,0,0,1,0,0,,,,,
58,0.370884943,0.446231729,0.401023657,0,0,0,1,0,0,1,,,,,
59,0.354966073,0.447750163,0.392079709,0,0,0,1,0,0,1,,,,,
60,0.405140622,0.43044938,0.415264125,0,0,0,1,0,0,1,,,,,
61,0.429025785,0.409899236,0.421375165,0,0,0,1,0,0,1,,,,,
62,0.361088144,0.525447803,0.426832008,0,0,0,1,0,0,1,,,,,
63,0.416000038,0.488962759,0.445185126,0,0,0,1,0,0,1,,,,,
64,0.481946051,0.429908444,0.461131008,0,0,0,1,0,0,1,,,,,
65,0.563704817,0.428109583,0.509466724,1,0,0,0,1,0,0,,,,,
66,0.301415295,0.419212223,0.348534066,0,0,0,1,0,0,1,,,,,
67,0.418240453,0.434188031,0.424619484,0,0,0,1,0,0,1,,,,,
68,0.582632433,0.45301842,0.530786828,1,0,0,0,1,0,0,,,,,
69,0.410710672,0.44681667,0.425153071,0,0,0,1,0,0,1,,,,,
70,0.337688407,0.496748931,0.401312617,0,0,0,1,0,0,1,,,,,
71,0.304247731,0.452520747,0.363556938,0,0,0,1,0,0,1,,,,,
72,0.583853362,0.426348509,0.520851421,1,0,0,0,1,0,0,,,,,
73,0.288292161,0.425256948,0.343078076,0,0,0,1,0,0,1,,,,,
74,0.375582401,0.409526541,0.389160057,0,0,0,1,0,0,1,,,,,
75,0.286451902,0.442452352,0.348852082,0,0,0,1,0,0,1,,,,,
76,0.504976794,0.456440359,0.48556222,0,1,0,0,0,1,0,,,,,
77,0.410710672,0.44681667,0.425153071,0,1,0,0,0,1,0,,,,,
78,0.468762625,0.516322261,0.48778648,0,0,0,1,0,0,1,,,,,
79,0.291992718,0.423399685,0.344555505,0,0,0,1,0,0,1,,,,,
80,0.542200332,0.509061596,0.528944837,1,1,1,0,0,0,1,,,,,
81,0.324424819,0.413276089,0.359965327,0,0,0,1,0,0,1,,,,,
82,0.298315186,0.422291471,0.3479057,0,0,0,1,0,0,1,,,,,
83,0.28800578,0.413506785,0.338206182,0,0,0,1,0,0,1,,,,,
84,0.339550122,0.441980388,0.380522228,0,0,0,1,0,0,1,,,,,
85,0.398761523,0.461904038,0.424018529,0,0,0,1,0,0,1,,,,,
86,0.44093495,0.438445384,0.439939124,0,0,0,1,0,0,1,,,,,
87,0.222379694,0.425233106,0.303521059,0,0,0,1,0,0,1,,,,,
88,0.411380464,0.427142611,0.417685323,0,0,0,1,0,0,1,,,,,
89,0.32575765,0.466297263,0.381973495,0,0,0,1,0,0,1,,,,,
90,0.344971199,0.423432592,0.376355756,0,0,0,1,0,0,1,,,,,
91,0.577980245,0.474493514,0.536585552,1,0,0,0,1,0,0,,,,,
92,0.338987881,0.439472264,0.379181635,0,0,0,1,0,0,1,,,,,
93,0.441868424,0.432958793,0.438304571,0,0,0,1,0,0,1,,,,,
94,0.392936696,0.455848039,0.418101233,0,0,0,1,0,0,1,,,,,
95,0.640668543,0.477380916,0.575353492,1,1,1,0,0,0,1,,,,,
96,0.418731236,0.44979116,0.431155206,0,0,0,1,0,0,1,,,,,
97,0.38553157,0.444874339,0.409268678,0,0,0,1,0,0,1,,,,,
98,0.44093495,0.438445384,0.439939124,0,0,0,1,0,0,1,,,,,
99,0.326037729,0.419651419,0.363483205,0,0,0,1,0,0,1,,,,,
100,0.681618774,0.4710135,0.597376665,1,0,0,0,1,0,0,,,,,
101,0.269491617,0.443976284,0.339285484,0,0,0,1,0,0,1,,,,,
102,0.557351769,0.472058576,0.523234492,1,0,0,0,1,0,0,,,,,
103,0.337200401,0.43661293,0.376965413,0,1,0,0,0,1,0,,,,,
104,0.414326652,0.451819006,0.429323594,0,0,0,1,0,0,1,,,,,
105,0.38475984,0.420964635,0.399241758,0,0,0,1,0,0,1,,,,,
106,0.229043349,0.443283282,0.314739322,0,0,0,1,0,0,1,,,,,
107,0.398343733,0.449239487,0.418702035,0,0,0,1,0,0,1,,,,,
108,0.38678431,0.427898562,0.403230011,0,1,0,0,0,1,0,,,,,
109,0.250544387,0.441557421,0.326949601,0,0,0,1,0,0,1,,,,,
110,0.349630175,0.472411715,0.398742791,0,0,0,1,0,0,1,,,,,
111,0.402356012,0.433085912,0.414647972,0,0,0,1,0,0,1,,,,,
112,0.328961044,0.420023894,0.365386184,0,0,0,1,0,0,1,,,,,
113,0.333894199,0.446407225,0.378899409,0,0,0,1,0,0,1,,,,,
114,0.307199114,0.438094496,0.359557267,0,0,0,1,0,0,1,,,,,
115,0.642087707,0.483678542,0.578724041,1,0,0,0,1,0,0,,,,,
116,0.668186405,0.465724358,0.587201586,1,0,0,0,1,0,0,,,,,
117,0.395807376,0.458970748,0.421072725,0,0,0,1,0,0,1,,,,,
118,0.375811425,0.446897303,0.404245776,0,1,0,0,0,1,0,,,,,
119,0.410265124,0.437041321,0.420975603,0,0,0,1,0,0,1,,,,,
120,0.534362861,0.454520959,0.5024261,1,1,1,0,0,0,1,,,,,
121,0.353900907,0.445800956,0.390660927,0,1,0,0,0,1,0,,,,,
122,0.38543379,0.436626491,0.40591087,0,1,0,0,0,1,0,,,,,
123,0.409138655,0.431858774,0.418226703,0,1,0,0,0,1,0,,,,,
124,0.435654725,0.473683316,0.450866161,0,0,0,1,0,0,1,,,,,
125,0.596538347,0.61962494,0.605772984,1,1,1,0,0,0,1,,,,,
126,0.406904212,0.461540101,0.428758568,0,1,0,0,0,1,0,,,,,
127,0.415313113,0.443435335,0.426562002,0,0,0,1,0,0,1,,,,,
128,0.423513191,0.481365533,0.446654128,0,1,0,0,0,1,0,,,,,
129,0.407103393,0.435839573,0.418597865,0,0,0,1,0,0,1,,,,,
130,0.397515607,0.429466901,0.410296125,0,0,0,1,0,0,1,,,,,
131,0.371801982,0.41603082,0.389493517,0,0,0,1,0,0,1,,,,,
132,0.446830956,0.568281476,0.495411164,0,1,0,0,0,1,0,,,,,
133,0.38574217,0.422872034,0.400594116,0,0,0,1,0,0,1,,,,,
134,0.403070565,0.432090863,0.414678684,0,1,0,0,0,1,0,,,,,
135,0.328967738,0.484188678,0.391056114,0,0,0,1,0,0,1,,,,,
136,0.374790891,0.443204878,0.402156486,0,0,0,1,0,0,1,,,,,
137,0.324111959,0.470764553,0.382772996,0,0,0,1,0,0,1,,,,,
138,0.608945182,0.524663267,0.575232416,1,0,0,0,1,0,0,,,,,
139,0.553689059,0.523499895,0.541613394,1,0,0,0,1,0,0,,,,,
140,0.609747676,0.508896709,0.569407289,1,0,0,0,1,0,0,,,,,
141,0.378040252,0.415101245,0.392864649,0,0,0,1,0,0,1,,,,,
142,0.399880901,0.448756863,0.419431286,0,0,0,1,0,0,1,,,,,
143,0.363756313,0.411340563,0.382790013,0,0,0,1,0,0,1,,,,,
144,0.404565267,0.430739375,0.41503491,0,0,0,1,0,0,1,,,,,
145,0.350226849,0.432840485,0.383272304,0,0,0,1,0,0,1,,,,,
146,0.413053529,0.446839371,0.426567866,0,0,0,1,0,0,1,,,,,
147,0.421661127,0.471631071,0.441649105,0,0,0,1,0,0,1,,,,,
148,0.421649282,0.471770541,0.441697786,0,0,0,1,0,0,1,,,,,
149,0.322468021,0.527158799,0.404344333,0,1,0,0,0,1,0,,,,,
150,0.609747676,0.508896709,0.569407289,1,1,1,0,0,0,1,,,,,
151,0.587547262,0.505726991,0.554819153,1,0,0,0,1,0,0,,,,,
152,0.356883942,0.495424861,0.41230031,0,1,0,0,0,1,0,,,,,
153,0.569581643,0.537006699,0.556551665,1,1,1,0,0,0,1,,,,,
154,0.609747676,0.508896709,0.569407289,1,1,1,0,0,0,1,,,,,
155,0.590875918,0.506810089,0.557249586,1,0,0,0,1,0,0,,,,,
156,0.473710144,0.515796149,0.490544546,0,0,0,1,0,0,1,,,,,
157,0.35236969,0.467797563,0.39854084,0,0,0,1,0,0,1,,,,,
158,0.397558811,0.418097974,0.405774476,0,0,0,1,0,0,1,,,,,
159,0.620293008,0.500745778,0.572474116,1,0,0,0,1,0,0,,,,,
160,0.669053711,0.575188404,0.631507588,1,0,0,0,1,0,0,,,,,
161,0.53136655,0.528767873,0.530327079,1,0,0,0,1,0,0,,,,,
162,0.558084279,0.454810298,0.516774687,1,0,0,0,1,0,0,,,,,
163,0.800877986,0.574228526,0.710218202,1,0,0,0,1,0,0,,,,,
164,0.627287857,0.45440534,0.55813485,1,0,0,0,1,0,0,,,,,
165,0.403640337,0.489657989,0.438047397,0,0,0,1,0,0,1,,,,,
166,0.589631957,0.511997898,0.558578333,1,0,0,0,1,0,0,,,,,
167,0.553957801,0.562960951,0.557559061,1,0,0,0,1,0,0,,,,,
168,0.486359507,0.635441675,0.545992374,1,0,0,0,1,0,0,,,,,
169,0.449499473,0.463072823,0.454928813,0,0,0,1,0,0,1,,,,,
170,0.72710212,0.47801403,0.627466884,1,0,0,0,1,0,0,,,,,
171,0.627287857,0.45440534,0.55813485,1,0,0,0,1,0,0,,,,,
172,0.494084925,0.468174319,0.483720682,0,0,0,1,0,0,1,,,,,
173,0.491619573,0.473350549,0.484311964,0,0,0,1,0,0,1,,,,,
174,0.579504319,0.447804421,0.52682436,1,0,0,0,1,0,0,,,,,
175,0.575326397,0.48827421,0.540505522,1,0,0,0,1,0,0,,,,,
176,0.374202282,0.447847358,0.403660312,0,0,0,1,0,0,1,,,,,
177,0.957755233,0.729222206,0.866342022,1,1,1,0,0,0,1,,,,,
178,0.682083679,0.467621907,0.596298971,1,1,1,0,0,0,1,,,,,
179,0.421109153,0.4175154,0.419671651,0,0,0,1,0,0,1,,,,,
180,0.412929101,0.421973188,0.416546735,0,1,0,0,0,1,0,,,,,
181,0.390688557,0.435802042,0.408733951,0,0,0,1,0,0,1,,,,,
182,0.403070565,0.432090863,0.414678684,0,1,0,0,0,1,0,,,,,
183,0.470619843,0.437583274,0.457405215,0,0,0,1,0,0,1,,,,,
184,0.429651186,0.427493808,0.428788235,0,1,0,0,0,1,0,,,,,
185,0.470191072,0.441125645,0.458564901,0,0,0,1,0,0,1,,,,,
186,0.394646021,0.436998444,0.41158699,0,0,0,1,0,0,1,,,,,
187,0.392395712,0.435435741,0.409611724,0,0,0,1,0,0,1,,,,,
188,0.813799979,0.63752803,0.743291199,1,1,1,0,0,0,1,,,,,
189,0.385225788,0.432500389,0.404135628,0,1,0,0,0,1,0,,,,,
190,0.36584774,0.414181406,0.385181207,0,0,0,1,0,0,1,,,,,
191,0.403051022,0.430226438,0.413921188,0,0,0,1,0,0,1,,,,,
192,0.30276242,0.433927607,0.355228494,0,0,0,1,0,0,1,,,,,
193,0.438454978,0.477735439,0.454167162,0,1,0,0,0,1,0,,,,,
194,0.415959547,0.447399882,0.428535681,0,0,0,1,0,0,1,,,,,
195,0.367504897,0.455273503,0.40261234,0,0,0,1,0,0,1,,,,,
196,0.414136587,0.432750191,0.421582028,0,0,0,1,0,0,1,,,,,
197,0.962280715,0.721477845,0.865959567,1,1,1,0,0,0,1,,,,,
198,0.961086833,0.738120478,0.871900291,1,1,1,0,0,0,1,,,,,
199,0.960003051,0.735586532,0.870236444,1,1,1,0,0,0,1,,,,,
200,0.502991557,0.467215988,0.488681329,0,1,0,0,0,1,0,,,,,
201,0.866514096,0.475852182,0.71024933,1,1,1,0,0,0,1,,,,,
202,0.5032612,0.467020208,0.488764803,0,0,0,1,0,0,1,,,,,
203,0.977157081,0.73643764,0.880869305,1,1,1,0,0,0,1,,,,,
204,0.976748317,0.735663347,0.880314329,1,1,1,0,0,0,1,,,,,
205,0.968230966,0.735306313,0.875061105,1,1,1,0,0,0,1,,,,,
206,0.958452533,0.73038496,0.867225504,1,1,1,0,0,0,1,,,,,
207,0.967958946,0.829924201,0.912745048,1,1,1,0,0,0,1,,,,,
208,0.958050403,0.729061892,0.866454999,1,1,1,0,0,0,1,,,,,
209,0.597677418,0.508049301,0.561826172,1,1,1,0,0,0,1,,,,,
210,0.42546955,0.457278799,0.43819325,0,0,0,1,0,0,1,,,,,
211,0.932003794,0.564743159,0.78509954,1,0,0,0,1,0,0,,,,,
212,0.648995539,0.534331832,0.603130057,1,1,1,0,0,0,1,,,,,
213,0.93736534,0.620795762,0.810737509,1,0,0,0,1,0,0,,,,,
214,0.425233902,0.460682742,0.439413438,0,0,0,1,0,0,1,,,,,
215,0.883501599,0.518912863,0.737666104,1,1,1,0,0,0,1,,,,,
216,0.94131579,0.621359211,0.813333158,1,0,0,0,1,0,0,,,,,
217,0.429394305,0.426544732,0.428254476,0,1,0,0,0,1,0,,,,,
218,0.867785616,0.596923557,0.759440792,1,1,1,0,0,0,1,,,,,
219,0.930882618,0.45927483,0.742239503,1,1,1,0,0,0,1,,,,,
220,0.930789683,0.564430248,0.784245909,1,0,0,0,1,0,0,,,,,
221,0.9593468,0.819321564,0.903336705,1,1,1,0,0,0,1,,,,,
222,0.936461566,0.627655249,0.812939039,1,0,0,0,1,0,0,,,,,
223,0.885921858,0.440442126,0.707729965,1,0,0,0,1,0,0,,,,,
224,0.894507888,0.695979206,0.815096415,1,1,1,0,0,0,1,,,,,
225,0.879953506,0.572044744,0.756790001,1,0,0,0,1,0,0,,,,,
226,0.859536303,0.519965651,0.723708042,1,1,1,0,0,0,1,,,,,
227,0.937331549,0.461930701,0.747171209,1,1,1,0,0,0,1,,,,,
228,0.903823307,0.461590479,0.726930176,1,1,1,0,0,0,1,,,,,
229,0.45088487,0.448974617,0.450120769,0,1,0,0,0,1,0,,,,,
230,0.870950105,0.503060906,0.723794426,1,1,1,0,0,0,1,,,,,
231,0.916881748,0.494167792,0.747796165,1,1,1,0,0,0,1,,,,,
232,0.844404213,0.500499669,0.706842396,1,1,1,0,0,0,1,,,,,
233,0.898404554,0.4676497,0.726102612,1,1,1,0,0,0,1,,,,,
234,0.910333825,0.467579594,0.733232133,1,1,1,0,0,0,1,,,,,
235,0.904003017,0.461353482,0.726943203,1,1,1,0,0,0,1,,,,,
236,0.640348387,0.447345223,0.563147121,1,1,1,0,0,0,1,,,,,
237,0.911132645,0.472765319,0.735785715,1,1,1,0,0,0,1,,,,,
238,0.424024614,0.426417544,0.424981786,0,1,0,0,0,1,0,,,,,
239,0.885921858,0.440442126,0.707729965,1,0,0,0,1,0,0,,,,,
240,0.41277437,0.429760625,0.419568872,0,0,0,1,0,0,1,,,,,
241,0.907073629,0.538448404,0.759623539,1,1,1,0,0,0,1,,,,,
242,0.401360039,0.420896956,0.409174806,0,0,0,1,0,0,1,,,,,
243,0.395709403,0.424405902,0.407188003,0,0,0,1,0,0,1,,,,,
244,0.917944556,0.497310681,0.749691006,1,1,1,0,0,0,1,,,,,
245,0.373395744,0.45587133,0.406385978,0,0,0,1,0,0,1,,,,,
246,0.436098675,0.455742535,0.443956219,0,1,0,0,0,1,0,,,,,
247,0.444408792,0.435184679,0.440719146,0,0,0,1,0,0,1,,,,,
248,0.373693155,0.456163407,0.406681256,0,0,0,1,0,0,1,,,,,
249,0.458489088,0.441278119,0.451604701,0,1,0,0,0,1,0,,,,,
250,0.390695664,0.463764833,0.419923332,0,0,0,1,0,0,1,,,,,
251,0.374277016,0.474532806,0.414379332,0,0,0,1,0,0,1,,,,,
252,0.417062858,0.433078338,0.42346905,0,1,0,0,0,1,0,,,,,
253,0.437929997,0.429797007,0.434676801,0,1,0,0,0,1,0,,,,,
254,0.410555603,0.431665755,0.418999664,0,1,0,0,0,1,0,,,,,
255,0.413821722,0.442736269,0.425387541,0,1,0,0,0,1,0,,,,,
256,0.418553822,0.430154488,0.423194089,0,1,0,0,0,1,0,,,,,
257,0.439811916,0.456077734,0.446318244,0,1,0,0,0,1,0,,,,,
258,0.489465501,0.52020025,0.5017594,1,1,1,0,0,0,1,,,,,
259,0.406366555,0.446644383,0.422477686,0,1,0,0,0,1,0,,,,,
260,0.35236969,0.467797563,0.39854084,0,0,0,1,0,0,1,,,,,
261,0.420074713,0.427817784,0.423171942,0,1,0,0,0,1,0,,,,,
262,0.574397768,0.452689818,0.525714588,1,1,1,0,0,0,1,,,,,
263,0.440057604,0.430326856,0.436165305,0,1,0,0,0,1,0,,,,,
264,0.349813954,0.429691682,0.381765045,0,1,0,0,0,1,0,,,,,
265,0.840033906,0.705457252,0.786203244,1,0,0,0,1,0,0,,,,,
266,0.698619575,0.520024551,0.627181565,1,1,1,0,0,0,1,,,,,
267,0.620293008,0.500745778,0.572474116,1,1,1,0,0,0,1,,,,,
268,0.605422052,0.514192141,0.568930087,1,1,1,0,0,0,1,,,,,
269,0.808762701,0.573288118,0.714572868,1,1,1,0,0,0,1,,,,,
270,0.792822892,0.630326979,0.727824527,1,1,1,0,0,0,1,,,,,
271,0.361173389,0.4652733,0.402813353,0,1,0,0,0,1,0,,,,,
272,0.857553888,0.710302037,0.798653147,1,0,0,0,1,0,0,,,,,
273,0.336246517,0.445163542,0.379813327,0,1,0,0,0,1,0,,,,,
274,0.580215526,0.454704872,0.530011264,1,0,0,0,1,0,0,,,,,
275,0.682629814,0.491586345,0.606212427,1,1,1,0,0,0,1,,,,,
276,0.506160263,0.463316851,0.489022898,0,1,0,0,0,1,0,,,,,
277,0.620293008,0.500745778,0.572474116,1,1,1,0,0,0,1,,,,,
278,0.517767161,0.495956187,0.509042771,1,1,1,0,0,0,1,,,,,
279,0.712400734,0.524852781,0.637381553,1,1,1,0,0,0,1,,,,,
280,0.711081213,0.510149587,0.630708562,1,1,1,0,0,0,1,,,,,
281,0.453182721,0.464970777,0.457897943,0,1,0,0,0,1,0,,,,,
282,0.537960735,0.477879036,0.513928055,1,1,1,0,0,0,1,,,,,
283,0.57102803,0.458666003,0.526083219,1,1,1,0,0,0,1,,,,,
284,0.56468202,0.446523306,0.517418534,1,0,0,0,1,0,0,,,,,
285,0.587653394,0.450551734,0.53281273,1,1,1,0,0,0,1,,,,,
286,0.700966096,0.499348618,0.620319105,1,1,1,0,0,0,1,,,,,
287,0.544153999,0.455994456,0.508890182,1,0,0,0,1,0,0,,,,,
288,0.568954652,0.463286724,0.526687481,1,0,0,0,1,0,0,,,,,
289,0.412010833,0.474532211,0.437019384,0,1,0,0,0,1,0,,,,,
290,0.571760961,0.457640015,0.526112583,1,0,0,0,1,0,0,,,,,
291,0.920598901,0.85102368,0.892768813,1,1,1,0,0,0,1,,,,,
292,0.680434033,0.490680907,0.604532782,1,1,1,0,0,0,1,,,,,
293,0.540064455,0.474344021,0.513776282,1,1,1,0,0,0,1,,,,,
294,0.921618399,0.822509756,0.881974942,1,1,1,0,0,0,1,,,,,
295,0.904805619,0.855456836,0.885066106,1,1,1,0,0,0,1,,,,,
296,0.960704676,0.977694284,0.967500519,1,1,1,0,0,0,1,,,,,
297,0.906810376,0.926750186,0.9147863,1,1,1,0,0,0,1,,,,,
298,0.918773425,0.853553588,0.89268549,1,1,1,0,0,0,1,,,,,
299,0.915535117,0.846127323,0.887771999,1,1,1,0,0,0,1,,,,,
300,0.915767161,0.846079475,0.887892087,1,1,1,0,0,0,1,,,,,
301,0.920139613,0.849297398,0.891802727,1,1,1,0,0,0,1,,,,,
302,0.822245601,0.976836179,0.884081832,1,1,1,0,0,0,1,,,,,
303,0.920227389,0.84483582,0.890070761,1,1,1,0,0,0,1,,,,,
304,0.505104114,0.467675752,0.490132769,0,1,0,0,0,1,0,,,,,
305,0.922967663,0.845665425,0.892046768,1,1,1,0,0,0,1,,,,,
306,0.923681696,0.834095253,0.887847119,1,1,1,0,0,0,1,,,,,
307,0.866214205,0.593906029,0.757290934,1,1,1,0,0,0,1,,,,,
308,0.607019728,0.446410419,0.542776004,1,1,1,0,0,0,1,,,,,
309,0.671045952,0.5435708,0.620055891,1,1,1,0,0,0,1,,,,,
310,0.92338254,0.838056566,0.88925215,1,1,1,0,0,0,1,,,,,
311,0.435788128,0.455177316,0.443543803,0,1,0,0,0,1,0,,,,,
312,0.456304447,0.454374501,0.455532469,0,0,0,1,0,0,1,,,,,
313,0.517754113,0.429962806,0.48263759,0,0,0,1,0,0,1,,,,,
314,0.560383665,0.44662618,0.514880671,1,1,1,0,0,0,1,,,,,
315,0.555565968,0.433427316,0.506710507,1,0,0,0,1,0,0,,,,,
316,0.604290961,0.449448665,0.542354043,1,1,1,0,0,0,1,,,,,
317,0.462267161,0.460650482,0.461620489,0,1,0,0,0,1,0,,,,,
318,0.630375365,0.455833838,0.560558754,1,1,1,0,0,0,1,,,,,
319,0.617114395,0.447577452,0.549299618,1,1,1,0,0,0,1,,,,,
320,0.403640337,0.489657989,0.438047397,0,1,0,0,0,1,0,,,,,
321,0.486131024,0.448429875,0.471050564,0,0,0,1,0,0,1,,,,,
322,0.435294244,0.457933067,0.444349773,0,1,0,0,0,1,0,,,,,
323,0.55649871,0.44744064,0.512875482,1,1,1,0,0,0,1,,,,,
324,0.586506417,0.449048843,0.531523387,1,0,0,0,1,0,0,,,,,
325,0.492120957,0.445486161,0.473467038,0,1,0,0,0,1,0,,,,,
326,0.328511876,0.431388514,0.369662531,0,0,0,1,0,0,1,,,,,
327,0.582449418,0.463112435,0.534714624,1,0,0,0,1,0,0,,,,,
328,0.599525808,0.479198931,0.551395058,1,1,1,0,0,0,1,,,,,
329,0.626666829,0.449042106,0.55561694,1,1,1,0,0,0,1,,,,,
330,0.43733692,0.451510511,0.443006356,0,0,0,1,0,0,1,,,,,
331,0.553461074,0.437021567,0.506885271,1,1,1,0,0,0,1,,,,,
332,0.614776193,0.442970971,0.546054104,1,1,1,0,0,0,1,,,,,
333,0.567396724,0.4445875,0.518273034,1,1,1,0,0,0,1,,,,,
334,0.403640337,0.489657989,0.438047397,0,1,0,0,0,1,0,,,,,
335,0.468670221,0.44684707,0.45994096,0,1,0,0,0,1,0,,,,,
336,0.610549824,0.443557712,0.543752979,1,1,1,0,0,0,1,,,,,
337,0.553310715,0.436439016,0.506562035,1,1,1,0,0,0,1,,,,,
338,0.596847863,0.482531456,0.5511213,1,1,1,0,0,0,1,,,,,
339,0.591344029,0.467371705,0.5417551,1,1,1,0,0,0,1,,,,,
340,0.403640337,0.489657989,0.438047397,0,1,0,0,0,1,0,,,,,
341,0.505104114,0.467675752,0.490132769,0,1,0,0,0,1,0,,,,,
342,0.500118851,0.445689111,0.478346955,0,0,0,1,0,0,1,,,,,
343,0.461709308,0.438090515,0.452261791,0,1,0,0,0,1,0,,,,,
344,0.623196754,0.449460443,0.55370223,1,1,1,0,0,0,1,,,,,
345,0.59104666,0.473659407,0.544091759,1,1,1,0,0,0,1,,,,,
346,0.412188144,0.462906394,0.432475444,0,0,0,1,0,0,1,,,,,
347,0.350757836,0.443421689,0.387823377,0,0,0,1,0,0,1,,,,,
348,0.503547155,0.450601761,0.482368998,0,1,0,0,0,1,0,,,,,
349,0.584391684,0.443988747,0.528230509,1,0,0,0,1,0,0,,,,,
350,0.43573939,0.45310099,0.44268403,0,0,0,1,0,0,1,,,,,
351,0.471487177,0.440932051,0.459265127,0,1,0,0,0,1,0,,,,,
352,0.500410449,0.445728439,0.478537645,0,0,0,1,0,0,1,,,,,
353,0.499712496,0.444390108,0.477583541,0,0,0,1,0,0,1,,,,,
354,0.356898189,0.438801404,0.389659475,0,0,0,1,0,0,1,,,,,
355,0.445898196,0.428372347,0.438887856,0,1,0,0,0,1,0,,,,,
356,0.406988504,0.507083444,0.44702648,0,0,0,1,0,0,1,,,,,
357,0.374377034,0.458694669,0.408104088,0,0,0,1,0,0,1,,,,,
358,0.400410099,0.429853945,0.412187638,0,0,0,1,0,0,1,,,,,
359,0.391263795,0.439333691,0.410491754,0,0,0,1,0,0,1,,,,,
360,0.423828137,0.447002653,0.433097943,0,0,0,1,0,0,1,,,,,
361,0.448743284,0.445575768,0.447476278,0,0,0,1,0,0,1,,,,,
362,0.478581336,0.511025788,0.491559117,0,0,0,1,0,0,1,,,,,
363,0.255873874,0.411451975,0.318105114,0,0,0,1,0,0,1,,,,,
364,0.58942745,0.47113672,0.542111158,1,0,0,0,1,0,0,,,,,
365,0.449422288,0.461936391,0.454427929,0,0,0,1,0,0,1,,,,,
366,0.480660883,0.538187589,0.503671565,1,0,0,0,1,0,0,,,,,
367,0.494396336,0.468660956,0.484102184,0,0,0,1,0,0,1,,,,,
368,0.413507837,0.464375885,0.433855057,0,0,0,1,0,0,1,,,,,
369,0.426104748,0.458126237,0.438913344,0,0,0,1,0,0,1,,,,,
370,0.481070524,0.537882423,0.503795283,1,0,0,0,1,0,0,,,,,
371,0.338371828,0.433543028,0.376440308,0,0,0,1,0,0,1,,,,,
372,0.808161746,0.597395015,0.723855053,1,1,1,0,0,0,1,,,,,
373,0.663758288,0.610588676,0.642490444,1,1,1,0,0,0,1,,,,,
374,0.359056791,0.439385582,0.391188307,0,0,0,1,0,0,1,,,,,
375,0.352822955,0.43764611,0.386752217,0,1,0,0,0,1,0,,,,,
376,0.517872963,0.499035273,0.510337887,1,1,1,0,0,0,1,,,,,
377,0.423562454,0.418379963,0.421489457,0,0,0,1,0,0,1,,,,,
378,0.423731721,0.42057744,0.422470008,0,1,0,0,0,1,0,,,,,
379,0.808016948,0.58050034,0.717010305,1,1,1,0,0,0,1,,,,,
380,0.44408871,0.43532666,0.44058389,0,1,0,0,0,1,0,,,,,
381,0.452628443,0.438791505,0.447093668,0,0,0,1,0,0,1,,,,,
382,0.335330336,0.440285854,0.377312543,0,0,0,1,0,0,1,,,,,
383,0.933659061,0.666654903,0.826857398,1,1,1,0,0,0,1,,,,,
384,0.865985902,0.791386961,0.836146326,1,1,1,0,0,0,1,,,,,
385,0.46782899,0.428555347,0.452119532,0,0,0,1,0,0,1,,,,,
386,0.394644631,0.439892016,0.412743585,0,1,0,0,0,1,0,,,,,
387,0.96290794,0.728705902,0.869227125,1,1,1,0,0,0,1,,,,,
388,0.429651186,0.427493808,0.428788235,0,1,0,0,0,1,0,,,,,
389,0.966432669,0.745274958,0.877969585,1,1,1,0,0,0,1,,,,,
390,0.47326609,0.438761687,0.459464328,0,0,0,1,0,0,1,,,,,
391,0.417218368,0.421248977,0.418830611,0,1,0,0,0,1,0,,,,,
392,0.890127896,0.514189915,0.739752703,1,1,1,0,0,0,1,,,,,
393,0.430247611,0.436839128,0.432884218,0,1,0,0,0,1,0,,,,,
394,0.920549477,0.622990442,0.801525863,1,0,0,0,1,0,0,,,,,
395,0.429806447,0.4318579,0.430627028,0,1,0,0,0,1,0,,,,,
396,0.803924388,0.651873464,0.743104018,1,1,1,0,0,0,1,,,,,
397,0.788470755,0.503519099,0.674490093,1,1,1,0,0,0,1,,,,,
398,0.802062077,0.654701056,0.743117668,1,0,0,0,1,0,0,,,,,
399,0.837480528,0.468391452,0.689844898,1,1,1,0,0,0,1,,,,,
400,0.58707039,0.665757608,0.618545277,1,1,1,0,0,0,1,,,,,
401,0.353187133,0.437434863,0.386886225,0,1,0,0,0,1,0,,,,,
402,0.502256693,0.490100757,0.497394319,0,1,0,0,0,1,0,,,,,
403,0.466902969,0.508061422,0.48336635,0,1,0,0,0,1,0,,,,,
404,0.792822892,0.630326979,0.727824527,1,1,1,0,0,0,1,,,,,
405,0.791861677,0.608354324,0.718458736,1,1,1,0,0,0,1,,,,,
406,0.921174023,0.592368537,0.789651829,1,0,0,0,1,0,0,,,,,
407,0.339993837,0.437025971,0.378806691,0,1,0,0,0,1,0,,,,,
408,0.697940176,0.655446539,0.680942722,1,1,1,0,0,0,1,,,,,
409,0.782910166,0.61406955,0.715373919,1,0,0,0,1,0,0,,,,,
410,0.496114329,0.5049483,0.499647918,0,1,0,0,0,1,0,,,,,
411,0.336935141,0.434751707,0.376061767,0,1,0,0,0,1,0,,,,,
412,0.560221818,0.449419664,0.515900957,1,1,1,0,0,0,1,,,,,
413,0.481949692,0.485891004,0.483526217,0,1,0,0,0,1,0,,,,,
414,0.737247929,0.565085611,0.668383002,1,1,1,0,0,0,1,,,,,
415,0.684656942,0.501397315,0.611353091,1,1,1,0,0,0,1,,,,,
416,0.680899098,0.498966781,0.608126172,1,1,1,0,0,0,1,,,,,
417,0.89863703,0.824239412,0.868877983,1,1,1,0,0,0,1,,,,,
418,0.701515938,0.494181215,0.618582049,1,1,1,0,0,0,1,,,,,
419,0.619949717,0.563870359,0.597517974,1,1,1,0,0,0,1,,,,,
420,0.357785435,0.440826517,0.391001868,0,1,0,0,0,1,0,,,,,
421,0.565251332,0.463803974,0.524672389,1,1,1,0,0,0,1,,,,,
422,0.569468124,0.465804743,0.528002771,1,1,1,0,0,0,1,,,,,
423,0.903387103,0.842543803,0.879049783,1,1,1,0,0,0,1,,,,,
424,0.480046509,0.530158681,0.500091378,1,1,1,0,0,0,1,,,,,
425,0.801226468,0.705769892,0.763043837,1,1,1,0,0,0,1,,,,,
426,0.452410879,0.454063014,0.453071733,0,1,0,0,0,1,0,,,,,
427,0.344245935,0.505579236,0.408779256,0,1,0,0,0,1,0,,,,,
428,0.903049579,0.843039647,0.879045606,1,1,1,0,0,0,1,,,,,
429,0.483863441,0.454075637,0.471948319,0,1,0,0,0,1,0,,,,,
430,0.903379406,0.84281517,0.879153711,1,1,1,0,0,0,1,,,,,
431,0.613447995,0.446233329,0.546562128,1,1,1,0,0,0,1,,,,,
432,0.614776193,0.442970971,0.546054104,1,1,1,0,0,0,1,,,,,
433,0.626206939,0.445859769,0.554068071,1,1,1,0,0,0,1,,,,,
434,0.916065126,0.563363691,0.774984552,1,0,0,0,1,0,0,,,,,
435,0.842601601,0.478962672,0.697146029,1,0,0,0,1,0,0,,,,,
436,0.910786205,0.596665936,0.785138097,1,0,0,0,1,0,0,,,,,
437,0.920668445,0.610108165,0.796444333,1,0,0,0,1,0,0,,,,,
438,0.921950162,0.608243213,0.796467382,1,0,0,0,1,0,0,,,,,
439,0.418759751,0.495009234,0.449259544,0,0,0,1,0,0,1,,,,,
440,0.34964412,0.41673896,0.376482056,0,0,0,1,0,0,1,,,,,
441,0.530265203,0.448658508,0.497622525,0,0,0,1,0,0,1,,,,,
442,0.419846482,0.50170013,0.452587941,0,0,0,1,0,0,1,,,,,
443,0.436378404,0.446456655,0.440409704,0,0,0,1,0,0,1,,,,,
444,0.317342528,0.416474387,0.356995271,0,1,0,0,0,1,0,,,,,
445,0.17723444,0.401252482,0.266841657,0,0,0,1,0,0,1,,,,,
446,0.358998848,0.439010413,0.391003474,0,0,0,1,0,0,1,,,,,
447,0.320850073,0.435166584,0.366576678,0,0,0,1,0,0,1,,,,,
448,0.386664761,0.469663901,0.419864417,0,0,0,1,0,0,1,,,,,
449,0.445433588,0.690196019,0.543338561,1,0,0,0,1,0,0,,,,,
450,0.299544615,0.414187037,0.345401584,0,0,0,1,0,0,1,,,,,
451,0.45401863,0.444854109,0.450352822,0,0,0,1,0,0,1,,,,,
452,0.277626082,0.442240411,0.343471814,0,0,0,1,0,0,1,,,,,
453,0.452843406,0.477384381,0.462659796,0,0,0,1,0,0,1,,,,,
454,0.309247179,0.444383719,0.363301795,0,0,0,1,0,0,1,,,,,
455,0.302903232,0.420617301,0.34998886,0,0,0,1,0,0,1,,,,,
456,0.929279581,0.617597865,0.804606895,1,0,0,0,1,0,0,,,,,
457,0.35368507,0.445605392,0.390453199,0,0,0,1,0,0,1,,,,,
458,0.95611501,0.707151863,0.856529751,1,0,0,0,1,0,0,,,,,
459,0.657203367,0.459694499,0.57819982,1,0,0,0,1,0,0,,,,,
460,0.342717744,0.43374169,0.379127322,0,1,0,0,0,1,0,,,,,
461,0.446698434,0.424321928,0.437747832,0,1,0,0,0,1,0,,,,,
462,0.455671039,0.445236869,0.451497371,0,0,0,1,0,0,1,,,,,
463,0.314700787,0.42562606,0.359070897,0,0,0,1,0,0,1,,,,,
464,0.338698097,0.4322633,0.376124178,0,0,0,1,0,0,1,,,,,
465,0.461903531,0.433575845,0.450572457,0,0,0,1,0,0,1,,,,,
466,0.391526933,0.433297419,0.408235127,0,0,0,1,0,0,1,,,,,
467,0.239807206,0.407374578,0.306834155,0,0,0,1,0,0,1,,,,,
468,0.465237526,0.42948205,0.450935335,0,0,0,1,0,0,1,,,,,
469,0.501649769,0.536146343,0.515448398,1,1,1,0,0,0,1,,,,,
470,0.368267378,0.403594077,0.382398058,0,0,0,1,0,0,1,,,,,
471,0.470742058,0.437481709,0.457437918,0,0,0,1,0,0,1,,,,,
472,0.520544043,0.441625904,0.488976787,0,1,0,0,0,1,0,,,,,
473,0.410212825,0.423985197,0.415721774,0,1,0,0,0,1,0,,,,,
474,0.394150945,0.435945758,0.410868871,0,1,0,0,0,1,0,,,,,
475,0.418018656,0.438483695,0.426204672,0,1,0,0,0,1,0,,,,,
476,0.333612184,0.397824198,0.35929699,0,0,0,1,0,0,1,,,,,
477,0.454122828,0.408270022,0.435781706,0,0,0,1,0,0,1,,,,,
478,0.620065856,0.465512165,0.558244379,1,1,1,0,0,0,1,,,,,
479,0.414609608,0.428350907,0.420106127,0,1,0,0,0,1,0,,,,,
480,0.483709481,0.413594502,0.45566349,0,1,0,0,0,1,0,,,,,
481,0.572892432,0.470185936,0.531809834,1,0,0,0,1,0,0,,,,,
482,0.518085256,0.427618607,0.481898596,0,1,0,0,0,1,0,,,,,
483,0.52609152,0.435939468,0.490030699,0,0,0,1,0,0,1,,,,,
484,0.549793549,0.470077899,0.517907289,1,0,0,0,1,0,0,,,,,
485,0.544811603,0.4589629,0.510472122,1,1,1,0,0,0,1,,,,,
486,0.670021641,0.4884462,0.597391465,1,1,1,0,0,0,1,,,,,
487,0.900513382,0.517959713,0.747491915,1,1,1,0,0,0,1,,,,,
488,0.637409312,0.441769806,0.55915351,1,1,1,0,0,0,1,,,,,
489,0.521084793,0.436197384,0.48712983,0,0,0,1,0,0,1,,,,,
490,0.862371044,0.511822231,0.722151519,1,1,1,0,0,0,1,,,,,
491,0.487293655,0.476527011,0.482986998,0,1,0,0,0,1,0,,,,,
492,0.922938959,0.512606269,0.758805883,1,1,1,0,0,0,1,,,,,
493,0.597910807,0.444936733,0.536721177,1,1,1,0,0,0,1,,,,,
494,0.623584507,0.502404348,0.575112444,1,1,1,0,0,0,1,,,,,
495,0.801470323,0.56792036,0.708050338,1,1,1,0,0,0,1,,,,,
496,0.645331584,0.482540326,0.580215081,1,1,1,0,0,0,1,,,,,
497,0.722151279,0.5671242,0.660140447,1,1,1,0,0,0,1,,,,,
498,0.925213672,0.500817087,0.755455038,1,1,1,0,0,0,1,,,,,
499,0.519013531,0.450147729,0.49146721,0,1,0,0,0,1,0,,,,,
500,0.613339516,0.460117477,0.552050701,1,1,1,0,0,0,1,,,,,
501,0.924106676,0.524003815,0.764065532,1,1,1,0,0,0,1,,,,,
502,0.92401472,0.536814036,0.769134446,1,1,1,0,0,0,1,,,,,
503,0.611660674,0.506873609,0.569745848,1,1,1,0,0,0,1,,,,,
504,0.762105109,0.493435314,0.654637191,1,1,1,0,0,0,1,,,,,
505,0.750777499,0.52388682,0.660021227,1,1,1,0,0,0,1,,,,,
506,0.791798457,0.55059938,0.695318826,1,1,1,0,0,0,1,,,,,
507,0.494720465,0.496396066,0.495390706,0,1,0,0,0,1,0,,,,,
508,0.693748511,0.476311887,0.606773861,1,1,1,0,0,0,1,,,,,
509,0.920618391,0.459757832,0.736274168,1,1,1,0,0,0,1,,,,,
510,0.616996021,0.454340121,0.551933661,1,1,1,0,0,0,1,,,,,
511,0.779670005,0.579762012,0.699706807,1,1,1,0,0,0,1,,,,,
512,0.643896029,0.45813107,0.569590045,1,1,1,0,0,0,1,,,,,
513,0.835778926,0.542040283,0.718283469,1,1,1,0,0,0,1,,,,,
514,0.641474956,0.52754414,0.595902629,1,1,1,0,0,0,1,,,,,
515,0.645765972,0.454221043,0.569148,1,1,1,0,0,0,1,,,,,
516,0.803587622,0.514274758,0.687862476,1,1,1,0,0,0,1,,,,,
517,0.612287549,0.485298406,0.561491892,1,1,1,0,0,0,1,,,,,
518,0.571963023,0.471049109,0.531597457,1,1,1,0,0,0,1,,,,,
519,0.607547974,0.442110197,0.541372863,1,1,1,0,0,0,1,,,,,
520,0.532686298,0.444467092,0.497398616,0,1,0,0,0,1,0,,,,,
521,0.79167471,0.485725762,0.669295131,1,1,1,0,0,0,1,,,,,
522,0.610877044,0.597962547,0.605711245,1,1,1,0,0,0,1,,,,,
523,0.689067818,0.482071414,0.606269256,1,1,1,0,0,0,1,,,,,
524,0.583200941,0.450577187,0.53015144,1,1,1,0,0,0,1,,,,,
525,0.612693357,0.470194821,0.555693943,1,1,1,0,0,0,1,,,,,
526,0.728454898,0.503457686,0.638456013,1,1,1,0,0,0,1,,,,,
527,0.699734057,0.470990103,0.608236476,1,1,1,0,0,0,1,,,,,
528,0.758908225,0.469356801,0.643087655,1,1,1,0,0,0,1,,,,,
529,0.608016158,0.466603516,0.551451102,1,1,1,0,0,0,1,,,,,
530,0.583192225,0.474091964,0.53955212,1,1,1,0,0,0,1,,,,,
531,0.775870613,0.503203156,0.66680363,1,1,1,0,0,0,1,,,,,
532,0.604451163,0.492574708,0.559700581,1,1,1,0,0,0,1,,,,,
533,0.615319769,0.47255944,0.558215637,1,1,1,0,0,0,1,,,,,
534,0.621046959,0.468948345,0.560207513,1,1,1,0,0,0,1,,,,,
535,0.600059063,0.478904816,0.551597364,1,1,1,0,0,0,1,,,,,
536,0.67743381,0.455547669,0.588679354,1,1,1,0,0,0,1,,,,,
537,0.939269003,0.579685538,0.795435617,1,0,0,0,1,0,0,,,,,
538,0.665959861,0.454612987,0.581421111,1,1,1,0,0,0,1,,,,,
539,0.949271463,0.597574485,0.808592672,1,1,1,0,0,0,1,,,,,
540,0.976205928,0.611522078,0.830332388,1,1,1,0,0,0,1,,,,,
541,0.919982258,0.644591353,0.809825896,1,1,1,0,0,0,1,,,,,
542,0.941085274,0.583386299,0.798005684,1,1,1,0,0,0,1,,,,,
543,0.94184582,0.717709862,0.852191436,1,1,1,0,0,0,1,,,,,
544,0.933680866,0.602521728,0.801217211,1,1,1,0,0,0,1,,,,,
545,0.943896368,0.599798764,0.806257326,1,1,1,0,0,0,1,,,,,
546,0.909785231,0.687619049,0.820918758,1,1,1,0,0,0,1,,,,,
547,0.884828615,0.715290376,0.817013319,1,1,1,0,0,0,1,,,,,
548,0.685115681,0.500724355,0.611359151,1,1,1,0,0,0,1,,,,,
549,0.533802674,0.539628965,0.53613319,1,1,1,0,0,0,1,,,,,
550,0.940422998,0.583283023,0.797567008,1,1,1,0,0,0,1,,,,,
551,0.873240706,0.544369311,0.741692148,1,1,1,0,0,0,1,,,,,
552,0.515356622,0.469458242,0.49699727,0,1,0,0,0,1,0,,,,,
553,0.952470732,0.484336952,0.76521722,1,1,1,0,0,0,1,,,,,
554,0.977428895,0.558347311,0.809796262,1,1,1,0,0,0,1,,,,,
555,0.848655832,0.493745948,0.706691879,1,1,1,0,0,0,1,,,,,
556,0.939317116,0.584814222,0.797515958,1,1,1,0,0,0,1,,,,,
557,0.791995584,0.477061656,0.666022013,1,1,1,0,0,0,1,,,,,
558,0.976951612,0.60153749,0.826785963,1,1,1,0,0,0,1,,,,,
559,0.740160844,0.473773048,0.633605725,1,1,1,0,0,0,1,,,,,
560,0.936666128,0.660555065,0.826221703,1,1,1,0,0,0,1,,,,,
561,0.781671199,0.647165259,0.727868823,1,1,1,0,0,0,1,,,,,
562,0.894230788,0.587148184,0.771397746,1,1,1,0,0,0,1,,,,,
563,0.93039105,0.653324385,0.819564384,1,1,1,0,0,0,1,,,,,
564,0.85370694,0.559447334,0.736003097,1,1,1,0,0,0,1,,,,,
565,0.934787743,0.624131404,0.810525208,1,1,1,0,0,0,1,,,,,
566,0.685115681,0.500724355,0.611359151,1,1,1,0,0,0,1,,,,,
567,0.864406367,0.482020291,0.711451936,1,1,1,0,0,0,1,,,,,
568,0.890752501,0.738858411,0.829994865,1,1,1,0,0,0,1,,,,,
569,0.636659531,0.467515923,0.569002088,1,1,1,0,0,0,1,,,,,
570,0.877425482,0.757563476,0.82948068,1,1,1,0,0,0,1,,,,,
571,0.57651457,0.473647638,0.535367797,1,1,1,0,0,0,1,,,,,
572,0.707482247,0.470901258,0.612849851,1,1,1,0,0,0,1,,,,,
573,0.94030513,0.577031595,0.794995716,1,1,1,0,0,0,1,,,,,
574,0.856842912,0.54852787,0.733516895,1,0,0,0,1,0,0,,,,,
575,0.789614295,0.506178869,0.676240125,1,1,1,0,0,0,1,,,,,
576,0.516620447,0.454619549,0.491820087,0,1,0,0,0,1,0,,,,,
577,0.881034447,0.742426541,0.825591285,1,1,1,0,0,0,1,,,,,
578,0.582770968,0.518264403,0.556968342,1,1,1,0,0,0,1,,,,,
579,0.789614295,0.506178869,0.676240125,1,1,1,0,0,0,1,,,,,
580,0.937251249,0.625797666,0.812669816,1,1,1,0,0,0,1,,,,,
581,0.449646405,0.437728461,0.444879227,0,1,0,0,0,1,0,,,,,
582,0.482951985,0.450093712,0.469808676,0,1,0,0,0,1,0,,,,,
583,0.884769939,0.596422218,0.76943085,1,1,1,0,0,0,1,,,,,
584,0.940538513,0.573921804,0.793891829,1,1,1,0,0,0,1,,,,,
585,0.480755652,0.471394267,0.477011098,0,1,0,0,0,1,0,,,,,
586,0.75059038,0.944286633,0.828068882,1,1,1,0,0,0,1,,,,,
587,0.466813852,0.441250762,0.456588616,0,0,0,1,0,0,1,,,,,
588,0.690742635,0.489574636,0.610275435,1,0,0,0,1,0,0,,,,,
589,0.885009339,0.752984168,0.832199271,1,1,1,0,0,0,1,,,,,
590,0.573805486,0.466046912,0.530702057,1,1,1,0,0,0,1,,,,,
591,0.682430948,0.47059921,0.597698253,1,1,1,0,0,0,1,,,,,
592,0.68122758,0.465211064,0.594820974,1,0,0,0,1,0,0,,,,,
593,0.920172341,0.630048239,0.804122701,1,0,0,0,1,0,0,,,,,
594,0.731470127,0.485205616,0.632964323,1,0,0,0,1,0,0,,,,,
595,0.799604218,0.522791583,0.688879164,1,0,0,0,1,0,0,,,,,
596,0.558723362,0.453496572,0.516632646,1,0,0,0,1,0,0,,,,,
597,0.577231563,0.457646881,0.52939769,1,0,0,0,1,0,0,,,,,
598,0.764954865,0.516381282,0.665525432,1,0,0,0,1,0,0,,,,,
599,0.771892901,0.492226275,0.660026251,1,0,0,0,1,0,0,,,,,
600,0.785723601,0.494937133,0.669409014,1,0,0,0,1,0,0,,,,,
601,0.519647218,0.43585199,0.486129127,0,0,0,1,0,0,1,,,,,
602,0.48801254,0.443954577,0.470389355,0,0,0,1,0,0,1,,,,,
603,0.815974419,0.51605874,0.696008147,1,0,0,0,1,0,0,,,,,
604,0.481945246,0.437480435,0.464159321,0,0,0,1,0,0,1,,,,,
605,0.575856216,0.466058396,0.531937088,1,0,0,0,1,0,0,,,,,
606,0.82734379,0.502836991,0.69754107,1,0,0,0,1,0,0,,,,,
607,0.557666056,0.460515294,0.518805751,1,0,0,0,1,0,0,,,,,
608,0.519850383,0.437856522,0.487052838,0,0,0,1,0,0,1,,,,,
609,0.79941737,0.520684162,0.687924087,1,0,0,0,1,0,0,,,,,
610,0.508810996,0.437218332,0.48017393,0,0,0,1,0,0,1,,,,,
611,0.561200498,0.500542879,0.53693745,1,1,1,0,0,0,1,,,,,
612,0.925156639,0.501903428,0.755855354,1,1,1,0,0,0,1,,,,,
613,0.659034336,0.491652587,0.592081637,1,0,0,0,1,0,0,,,,,
614,0.886154349,0.487294374,0.726610359,1,1,1,0,0,0,1,,,,,
615,0.470988254,0.462657702,0.467656033,0,0,0,1,0,0,1,,,,,
616,0.548989363,0.463170076,0.514661648,1,0,0,0,1,0,0,,,,,
617,0.666864741,0.457054953,0.582940826,1,1,1,0,0,0,1,,,,,
618,0.798950771,0.54251294,0.696375638,1,1,1,0,0,0,1,,,,,
619,0.866348314,0.502415544,0.720775206,1,1,1,0,0,0,1,,,,,
620,0.918607013,0.481069848,0.743592147,1,1,1,0,0,0,1,,,,,
621,0.609709201,0.465622144,0.552074378,1,1,1,0,0,0,1,,,,,
622,0.845534005,0.484123041,0.700969619,1,1,1,0,0,0,1,,,,,
623,0.651738676,0.478392514,0.582400211,1,1,1,0,0,0,1,,,,,
624,0.646709015,0.472785582,0.577139642,1,1,1,0,0,0,1,,,,,
625,0.809156712,0.47829503,0.676812039,1,1,1,0,0,0,1,,,,,
626,0.790416373,0.498155848,0.673512163,1,1,1,0,0,0,1,,,,,
627,0.689067818,0.482071414,0.606269256,1,1,1,0,0,0,1,,,,,
628,0.805617648,0.502697962,0.684449773,1,1,1,0,0,0,1,,,,,
629,0.666530418,0.480245036,0.592016265,1,1,1,0,0,0,1,,,,,
630,0.599672938,0.492052511,0.556624767,1,1,1,0,0,0,1,,,,,
631,0.619802971,0.467763728,0.558987274,1,1,1,0,0,0,1,,,,,
632,0.776559555,0.506221705,0.668424415,1,1,1,0,0,0,1,,,,,
633,0.764811009,0.575073958,0.688916189,1,1,1,0,0,0,1,,,,,
634,0.805211962,0.468181154,0.670399639,1,1,1,0,0,0,1,,,,,
635,0.508955835,0.516256637,0.511876156,1,1,1,0,0,0,1,,,,,
636,0.68165485,0.473458301,0.598376231,1,1,1,0,0,0,1,,,,,
637,0.582372767,0.449007475,0.52902665,1,1,1,0,0,0,1,,,,,
638,0.737378563,0.514033369,0.648040485,1,1,1,0,0,0,1,,,,,
639,0.783945702,0.546132759,0.688820525,1,1,1,0,0,0,1,,,,,
640,0.780963748,0.527537791,0.679593366,1,1,1,0,0,0,1,,,,,
641,0.8631302,0.649863948,0.777823699,1,1,1,0,0,0,1,,,,,
642,0.669795933,0.505173608,0.603947003,1,1,1,0,0,0,1,,,,,
643,0.871866672,0.53496334,0.737105339,1,1,1,0,0,0,1,,,,,
644,0.82277168,0.51301067,0.698867276,1,1,1,0,0,0,1,,,,,
645,0.753972139,0.502215226,0.653269374,1,1,1,0,0,0,1,,,,,
646,0.599640089,0.496083875,0.558217603,1,1,1,0,0,0,1,,,,,
647,0.812746702,0.518201234,0.694928515,1,1,1,0,0,0,1,,,,,
648,0.922973987,0.47362341,0.743233756,1,1,1,0,0,0,1,,,,,
649,0.786635723,0.503770947,0.673489813,1,1,1,0,0,0,1,,,,,
650,0.81951509,0.498324716,0.691038941,1,1,1,0,0,0,1,,,,,
651,0.923451531,0.523272645,0.763379976,1,1,1,0,0,0,1,,,,,
652,0.825478356,0.518153797,0.702548532,1,1,1,0,0,0,1,,,,,
653,0.755321888,0.569028844,0.68080467,1,1,1,0,0,0,1,,,,,
654,0.892444807,0.598053401,0.774688244,1,1,1,0,0,0,1,,,,,
655,0.839450075,0.588828949,0.739201625,1,1,1,0,0,0,1,,,,,
656,0.883144755,0.555299739,0.752006749,1,0,0,0,1,0,0,,,,,
657,0.702758732,0.559716231,0.645541732,1,0,0,0,1,0,0,,,,,
658,0.544912637,0.554213342,0.548632919,1,0,0,0,1,0,0,,,,,
659,0.730467944,0.531005924,0.650683136,1,0,0,0,1,0,0,,,,,
660,0.730467944,0.531005924,0.650683136,1,0,0,0,1,0,0,,,,,
661,0.817835498,0.753412559,0.792066323,1,1,1,0,0,0,1,,,,,
662,0.717321613,0.502353644,0.631334425,1,0,0,0,1,0,0,,,,,
663,0.878741208,0.555537437,0.7494597,1,1,1,0,0,0,1,,,,,
664,0.807474393,0.752270626,0.785392886,1,1,1,0,0,0,1,,,,,
665,0.92507906,0.591487701,0.791642517,1,1,1,0,0,0,1,,,,,
666,0.881466679,0.622457927,0.777863178,1,1,1,0,0,0,1,,,,,
667,0.926712608,0.602248575,0.796926995,1,1,1,0,0,0,1,,,,,
668,0.806066954,0.576573284,0.714269486,1,1,1,0,0,0,1,,,,,
669,0.675246393,0.56698996,0.63194382,1,1,1,0,0,0,1,,,,,
670,0.807480887,0.568495913,0.711886898,1,1,1,0,0,0,1,,,,,
671,0.754967378,0.569022814,0.680589552,1,0,0,0,1,0,0,,,,,
672,0.893479626,0.536821081,0.750816208,1,1,1,0,0,0,1,,,,,
673,0.880641238,0.552861363,0.749529288,1,0,0,0,1,0,0,,,,,
674,0.685115681,0.500724355,0.611359151,1,1,1,0,0,0,1,,,,,
675,0.927788412,0.576950782,0.78745336,1,1,1,0,0,0,1,,,,,
676,0.946729284,0.606695434,0.810715744,1,1,1,0,0,0,1,,,,,
677,0.722400813,0.463041919,0.618657255,1,1,1,0,0,0,1,,,,,
678,0.892637218,0.563413142,0.760947588,1,1,1,0,0,0,1,,,,,
679,0.977914221,0.567969163,0.813936198,1,1,1,0,0,0,1,,,,,
680,0.939941479,0.578708397,0.795448246,1,1,1,0,0,0,1,,,,,
681,0.937437923,0.595890582,0.800818987,1,1,1,0,0,0,1,,,,,
682,0.893479626,0.536821081,0.750816208,1,1,1,0,0,0,1,,,,,
683,0.934484469,0.577727288,0.791781597,1,1,1,0,0,0,1,,,,,
684,0.516774627,0.457812801,0.493189897,0,1,0,0,0,1,0,,,,,
685,0.488122334,0.511412322,0.497438329,0,1,0,0,0,1,0,,,,,
686,0.75570903,0.492696916,0.650504184,1,1,1,0,0,0,1,,,,,
687,0.792494296,0.613165293,0.720762695,1,1,1,0,0,0,1,,,,,
688,0.558847381,0.432859051,0.508452049,1,1,1,0,0,0,1,,,,,
689,0.978488864,0.631412174,0.839658188,1,1,1,0,0,0,1,,,,,
690,0.935575943,0.600204625,0.801427416,1,1,1,0,0,0,1,,,,,
691,0.981666913,0.558754767,0.812502054,1,1,1,0,0,0,1,,,,,
692,0.576293844,0.45983638,0.529710858,1,0,0,0,1,0,0,,,,,
693,0.691522577,0.521857975,0.623656736,1,1,1,0,0,0,1,,,,,
694,0.635678152,0.51262751,0.586457895,1,1,1,0,0,0,1,,,,,
695,0.886518393,0.484281489,0.725623631,1,1,1,0,0,0,1,,,,,
696,0.903773693,0.482365498,0.735210415,1,1,1,0,0,0,1,,,,,
697,0.646009469,0.469197055,0.575284504,1,1,1,0,0,0,1,,,,,
698,0.621716129,0.474440823,0.562806007,1,0,0,0,1,0,0,,,,,
699,0.478752004,0.460364246,0.471396901,0,1,0,0,0,1,0,,,,,
700,0.670007603,0.459902739,0.585965658,1,1,1,0,0,0,1,,,,,
701,0.899677247,0.46651751,0.726413352,1,1,1,0,0,0,1,,,,,
702,0.821717422,0.479987381,0.685025406,1,1,1,0,0,0,1,,,,,
703,0.767292299,0.506583861,0.663008924,1,1,1,0,0,0,1,,,,,
704,0.854279621,0.498460319,0.7119519,1,1,1,0,0,0,1,,,,,
705,0.776428646,0.434612726,0.639702278,1,1,1,0,0,0,1,,,,,
706,0.708566182,0.505488447,0.627335088,1,1,1,0,0,0,1,,,,,
707,0.645281191,0.495927011,0.585539519,1,1,1,0,0,0,1,,,,,
708,0.733737354,0.500162076,0.640307243,1,1,1,0,0,0,1,,,,,
709,0.786094007,0.466967059,0.658443228,1,1,1,0,0,0,1,,,,,
710,0.803244952,0.536449174,0.696526641,1,1,1,0,0,0,1,,,,,
711,0.506770713,0.468214095,0.491348065,0,1,0,0,0,1,0,,,,,
712,0.806353563,0.59652998,0.72242413,1,1,1,0,0,0,1,,,,,
713,0.725308388,0.507100484,0.638025226,1,1,1,0,0,0,1,,,,,
714,0.802337332,0.459180096,0.665074438,1,1,1,0,0,0,1,,,,,
715,0.763410464,0.470340883,0.646182632,1,1,1,0,0,0,1,,,,,
716,0.569096886,0.461859628,0.526201983,1,1,1,0,0,0,1,,,,,
717,0.604284706,0.492124203,0.559420504,1,1,1,0,0,0,1,,,,,
718,0.54030954,0.451816206,0.504912206,1,1,1,0,0,0,1,,,,,
719,0.661432008,0.589274066,0.632568831,1,1,1,0,0,0,1,,,,,
720,0.770237272,0.462889404,0.647298125,1,1,1,0,0,0,1,,,,,
721,0.664167732,0.502591651,0.599537299,1,1,1,0,0,0,1,,,,,
722,0.528998904,0.429904552,0.489361163,0,1,0,0,0,1,0,,,,,
723,0.854279621,0.498460319,0.7119519,1,1,1,0,0,0,1,,,,,
724,0.8631302,0.649863948,0.777823699,1,1,1,0,0,0,1,,,,,
725,0.859043743,0.480144884,0.7074842,1,1,1,0,0,0,1,,,,,
726,0.834697868,0.459033997,0.68443232,1,1,1,0,0,0,1,,,,,
727,0.76198096,0.44972391,0.63707814,1,1,1,0,0,0,1,,,,,
728,0.863706341,0.554061707,0.739848488,1,0,0,0,1,0,0,,,,,
729,0.865863693,0.610911553,0.763882837,1,1,1,0,0,0,1,,,,,
730,0.864193059,0.545827779,0.736846947,1,1,1,0,0,0,1,,,,,
731,0.939789308,0.578243012,0.795170789,1,1,1,0,0,0,1,,,,,
732,0.462084504,0.549074998,0.496880702,0,1,0,0,0,1,0,,,,,
733,0.813744359,0.750935842,0.788620952,1,0,0,0,1,0,0,,,,,
734,0.783588137,0.541929212,0.686924567,1,1,1,0,0,0,1,,,,,
735,0.880290644,0.580066418,0.760200953,1,1,1,0,0,0,1,,,,,
736,0.942035651,0.717148134,0.852080644,1,1,1,0,0,0,1,,,,,
737,0.593127353,0.517121431,0.562724984,1,1,1,0,0,0,1,,,,,
738,0.850146297,0.443646832,0.687546511,1,1,1,0,0,0,1,,,,,
739,0.877553347,0.457709714,0.709615894,1,1,1,0,0,0,1,,,,,
740,0.725308388,0.507100484,0.638025226,1,1,1,0,0,0,1,,,,,
741,0.806042884,0.46001221,0.667630614,1,1,1,0,0,0,1,,,,,
742,0.566767561,0.445475859,0.51825088,1,1,1,0,0,0,1,,,,,
743,0.875009176,0.498060374,0.724229655,1,1,1,0,0,0,1,,,,,
744,0.94504098,0.649001789,0.826625303,1,1,1,0,0,0,1,,,,,
745,0.564954178,0.442905116,0.516134553,1,1,1,0,0,0,1,,,,,
746,0.725308388,0.507100484,0.638025226,1,1,1,0,0,0,1,,,,,
747,0.808035037,0.594603617,0.722662469,1,1,1,0,0,0,1,,,,,
748,0.787449308,0.444763686,0.650375059,1,1,1,0,0,0,1,,,,,
749,0.783503063,0.443187766,0.647376944,1,1,1,0,0,0,1,,,,,
750,0.785196858,0.526604306,0.681759837,1,1,1,0,0,0,1,,,,,
751,0.690559876,0.474956886,0.60431868,1,1,1,0,0,0,1,,,,,
752,0.687857272,0.465086649,0.598749023,1,1,1,0,0,0,1,,,,,
753,0.545713813,0.451600996,0.508068686,1,1,1,0,0,0,1,,,,,
754,0.530481542,0.438210259,0.493573029,0,1,0,0,0,1,0,,,,,
755,0.869277924,0.515795666,0.727885021,1,1,1,0,0,0,1,,,,,
756,0.689794576,0.556820487,0.63660494,1,1,1,0,0,0,1,,,,,
757,0.942205654,0.602832952,0.806456573,1,1,1,0,0,0,1,,,,,
758,0.623939612,0.457114101,0.557209408,1,1,1,0,0,0,1,,,,,
759,0.855010513,0.425100388,0.683046463,1,1,1,0,0,0,1,,,,,
760,0.701634185,0.504360684,0.622724784,1,1,1,0,0,0,1,,,,,
761,0.610717788,0.469704708,0.554312556,1,1,1,0,0,0,1,,,,,
762,0.750619213,0.583265173,0.683677597,1,1,1,0,0,0,1,,,,,
763,0.633642663,0.461722424,0.564874567,1,1,1,0,0,0,1,,,,,
764,0.806248548,0.475284071,0.673862758,1,1,1,0,0,0,1,,,,,
765,0.54961029,0.456991814,0.5125629,1,1,1,0,0,0,1,,,,,
766,0.718682358,0.47662654,0.621860031,1,1,1,0,0,0,1,,,,,
767,0.597500128,0.471637628,0.547155128,1,1,1,0,0,0,1,,,,,
768,0.637249415,0.498903946,0.581911228,1,1,1,0,0,0,1,,,,,
769,0.585495364,0.453005898,0.532499578,1,1,1,0,0,0,1,,,,,
770,0.783559973,0.47096504,0.658521999,1,1,1,0,0,0,1,,,,,
771,0.611196691,0.468020175,0.553926085,1,1,1,0,0,0,1,,,,,
772,0.708965413,0.466387311,0.611934172,1,1,1,0,0,0,1,,,,,
773,0.806797711,0.549148225,0.703737917,1,1,1,0,0,0,1,,,,,
774,0.961207071,0.535732831,0.791017375,1,1,1,0,0,0,1,,,,,
775,0.891122126,0.469097823,0.722312405,1,1,1,0,0,0,1,,,,,
776,0.941175405,0.630188169,0.816780511,1,1,1,0,0,0,1,,,,,
777,0.93931338,0.628258947,0.814891607,1,1,1,0,0,0,1,,,,,
778,0.836301517,0.491457498,0.698363909,1,1,1,0,0,0,1,,,,,
779,0.544813963,0.475148565,0.516947804,1,1,1,0,0,0,1,,,,,
780,0.636685727,0.465302913,0.568132601,1,1,1,0,0,0,1,,,,,
781,0.612921427,0.481632142,0.560405713,1,1,1,0,0,0,1,,,,,
782,0.947355958,0.599125614,0.80806382,1,1,1,0,0,0,1,,,,,
783,0.952367525,0.479806746,0.763343213,1,1,1,0,0,0,1,,,,,
784,0.612765508,0.465789761,0.553975209,1,1,1,0,0,0,1,,,,,
785,0.860472752,0.553107883,0.737526804,1,1,1,0,0,0,1,,,,,
786,0.521459437,0.479459824,0.504659592,1,1,1,0,0,0,1,,,,,
787,0.590524256,0.484463733,0.548100047,1,1,1,0,0,0,1,,,,,
788,0.852756268,0.45120698,0.692136553,1,1,1,0,0,0,1,,,,,
789,0.977414918,0.619175006,0.834118953,1,1,1,0,0,0,1,,,,,
790,0.803975565,0.495839256,0.680721041,1,0,0,0,1,0,0,,,,,
791,0.644921923,0.471185812,0.575427478,1,1,1,0,0,0,1,,,,,
792,0.906988716,0.458639825,0.72764916,1,1,1,0,0,0,1,,,,,
793,0.979627647,0.616910919,0.834540956,1,1,1,0,0,0,1,,,,,
794,0.947228453,0.594928249,0.806308371,1,1,1,0,0,0,1,,,,,
795,0.95480316,0.506463294,0.775467214,1,1,1,0,0,0,1,,,,,
796,0.910414553,0.539079167,0.761880398,1,1,1,0,0,0,1,,,,,
797,0.949753192,0.622352529,0.818792927,1,1,1,0,0,0,1,,,,,
798,0.982659013,0.558854692,0.813137284,1,1,1,0,0,0,1,,,,,
799,0.951937208,0.504402106,0.772923168,1,1,1,0,0,0,1,,,,,
800,0.768340845,0.533576618,0.674435155,1,1,1,0,0,0,1,,,,,
801,0.714380321,0.45463125,0.610480692,1,1,1,0,0,0,1,,,,,
802,0.739020848,0.538478453,0.65880389,1,1,1,0,0,0,1,,,,,
803,0.644528646,0.480778136,0.579028442,1,1,1,0,0,0,1,,,,,
804,0.818196873,0.515674614,0.69718797,1,1,1,0,0,0,1,,,,,
805,0.712279752,0.504379817,0.629119778,1,1,1,0,0,0,1,,,,,
806,0.537262006,0.437992299,0.497554123,0,1,0,0,0,1,0,,,,,
807,0.917651636,0.475814134,0.740916635,1,1,1,0,0,0,1,,,,,
808,0.95480316,0.506463294,0.775467214,1,1,1,0,0,0,1,,,,,
809,0.78609484,0.56539676,0.697815608,1,1,1,0,0,0,1,,,,,
810,0.708707047,0.517537536,0.632239242,1,0,0,0,1,0,0,,,,,
811,0.723365984,0.516958624,0.64080304,1,0,0,0,1,0,0,,,,,
812,0.738182028,0.52737326,0.653858521,1,0,0,0,1,0,0,,,,,
813,0.719340476,0.558679743,0.655076183,1,0,0,0,1,0,0,,,,,
814,0.942962151,0.514105039,0.771419306,1,1,1,0,0,0,1,,,,,
815,0.70455069,0.519811198,0.630654893,1,0,0,0,1,0,0,,,,,
816,0.691277077,0.524243707,0.624463729,1,0,0,0,1,0,0,,,,,
817,0.76779869,0.532621169,0.673727682,1,0,0,0,1,0,0,,,,,
818,0.706547584,0.516919064,0.630696176,1,0,0,0,1,0,0,,,,,
819,0.61855728,0.49175196,0.567835152,1,0,0,0,1,0,0,,,,,
820,0.807039387,0.641308867,0.740747179,1,0,0,0,1,0,0,,,,,
821,0.6028978,0.460521017,0.545947087,1,0,0,0,1,0,0,,,,,
822,0.711900814,0.518218208,0.634427772,1,0,0,0,1,0,0,,,,,
823,0.495515148,0.481755138,0.490011144,0,0,0,1,0,0,1,,,,,
824,0.855483637,0.594695809,0.751168506,1,0,0,0,1,0,0,,,,,
825,0.775610484,0.521004311,0.673768015,1,0,0,0,1,0,0,,,,,
826,0.799828625,0.479224554,0.671586996,1,1,1,0,0,0,1,,,,,
827,0.620166507,0.46468848,0.557975296,1,1,1,0,0,0,1,,,,,
828,0.888463025,0.635031948,0.787090594,1,1,1,0,0,0,1,,,,,
829,0.941700546,0.476110906,0.75546469,1,1,1,0,0,0,1,,,,,
830,0.507547984,0.446085349,0.48296293,0,0,0,1,0,0,1,,,,,
831,0.90628549,0.567494591,0.77076913,1,1,1,0,0,0,1,,,,,
832,0.550286647,0.422035999,0.498986388,0,1,0,0,0,1,0,,,,,
833,0.545875693,0.451339129,0.508061067,1,1,1,0,0,0,1,,,,,
834,0.967605144,0.530213381,0.792648439,1,1,1,0,0,0,1,,,,,
