x,y,预订任务限额,预订任务开始时间,信誉值
22.947097,113.67998300000001,114.0,6:30:00,67997.3868
22.577792000000002,113.96652399999999,163.0,6:30:00,37926.5416
23.192458,113.347272,139.0,6:30:00,27953.0363
23.255965,113.31875,98.0,6:30:00,25085.6986
22.262784,112.79768,72.0,6:30:00,18237.6295
23.143373,113.37631499999999,95.0,6:42:00,14868.4446
23.28528,113.65184199999999,110.0,6:36:00,13556.1555
23.099259,113.488909,64.0,6:36:00,13327.9511
23.192462,113.34726,89.0,6:42:00,11349.0899
22.548889000000003,113.95536799999999,102.0,6:33:00,10957.5811
23.178845000000003,113.358177,90.0,6:45:00,10427.7392
23.054910999999997,113.76888799999999,232.0,6:30:00,10210.6765
23.053426,113.76163400000002,217.0,6:33:00,10187.7506
23.054769,113.65272,171.0,6:30:00,9495.8126
22.92814,114.081898,52.0,6:39:00,9065.9062
23.146943,113.305001,85.0,6:48:00,8549.9583
23.025829,113.31736200000002,73.0,6:33:00,7054.4886
23.012667,113.839206,94.0,6:30:00,6824.2516
22.574867,113.92018799999998,77.0,6:36:00,6510.0602
23.262722,113.29603,73.0,6:39:00,6105.2056
23.216282999999997,113.29178999999999,60.0,6:54:00,5207.8348
22.724052,113.92205700000001,38.0,6:30:00,4268.3089
23.025831,113.31738,57.0,6:36:00,4236.5421
23.141683999999998,113.26213700000001,62.0,6:51:00,4182.3338
23.173014000000002,113.320705,58.0,7:00:00,3836.0711
23.187008,113.25764199999999,56.0,6:57:00,3562.2053
23.10714,113.30188899999999,43.0,7:06:00,3039.9026
22.667339000000002,114.007186,25.0,6:39:00,2923.8802
23.129688,113.409023,34.0,7:00:00,2755.8648
22.993463000000002,114.728544,29.0,6:30:00,2635.5945
22.799744,113.782606,19.0,6:33:00,2274.9848
23.125731,113.40230600000001,29.0,7:09:00,2148.7238
23.089161999999998,112.88246699999999,51.0,6:33:00,2127.005
23.13759,113.38175700000001,33.0,7:09:00,1980.8566
22.935859,113.68323400000001,67.0,6:33:00,1937.4291
23.099656,113.487402,23.0,6:48:00,1650.2348
23.039077,113.13373600000001,55.0,6:30:00,1523.3223
22.640977,114.061072,24.0,6:36:00,1507.8397
22.698914000000002,113.818848,26.0,6:30:00,1498.9031
22.699085,113.79328000000001,17.0,6:36:00,1493.9265
22.630761,114.088349,26.0,6:36:00,1474.9462
22.736419,114.275272,64.0,6:30:00,1430.8899
23.166269,113.21411,40.0,6:51:00,1366.1619
23.026671,113.31416100000001,31.0,6:45:00,1256.9036
22.605016,114.134612,24.0,6:36:00,1179.1445
22.55258,114.131064,22.0,6:39:00,1125.7637
22.551064999999998,113.906415,33.0,6:42:00,1078.8887
23.258526,113.32077199999999,33.0,6:51:00,1054.1406
23.201831,113.329844,28.0,7:21:00,1047.2994
22.55234,114.004208,20.0,6:51:00,956.449
23.127807999999998,113.26890900000001,28.0,7:09:00,876.885
22.963677,113.668272,32.0,6:45:00,860.6575
22.546424,114.091551,20.0,6:45:00,819.5817
23.027282,113.321826,25.0,6:51:00,812.4732
22.649465,114.046196,16.0,6:51:00,802.9929
23.013316,113.764039,56.0,6:42:00,801.945
22.786188,113.89986,18.0,6:39:00,768.431
22.631265,114.088053,19.0,6:54:00,759.2893
22.59321,113.99723200000001,17.0,7:06:00,758.6399
22.646966,114.054897,15.0,7:03:00,741.186
22.537631,113.92120600000001,28.0,6:51:00,716.1536
22.945963,113.378949,17.0,6:45:00,692.4968
22.572454,113.90061100000001,27.0,6:51:00,680.1682
23.138201000000002,113.305131,1.0,6:36:00,661.4701
23.125711,113.266843,1.0,6:39:00,638.8183
22.921069,114.01161100000002,5.0,7:00:00,636.5533
23.085993,113.286892,20.0,7:18:00,631.8731
23.201472,113.328149,21.0,7:27:00,607.9601
23.107633,113.934697,48.0,6:30:00,585.3526
23.05819,113.382202,17.0,7:18:00,578.4185
22.631295,114.088048,16.0,7:03:00,577.3317
23.04938,113.17071100000001,27.0,6:42:00,557.8477
22.832066,113.71790800000001,10.0,6:36:00,544.8401
22.746146,113.845129,13.0,6:48:00,544.5673
22.695229,114.23503600000001,34.0,6:33:00,537.6568
23.023982999999998,113.11335700000001,41.0,6:36:00,533.4239
23.025897,113.317272,20.0,7:03:00,526.7561
22.559031,114.13381499999998,15.0,6:57:00,512.8802
23.134029,113.380696,1.0,6:45:00,498.2218
22.979376000000002,113.359597,15.0,6:57:00,479.3786
22.617332,114.046699,12.0,7:18:00,466.0196
23.110205999999998,113.840149,36.0,6:45:00,464.8392
23.467117000000002,113.36578999999999,19.0,6:33:00,463.2336
22.661854,114.02758,12.0,7:00:00,462.5524
22.805765,113.580688,58.0,6:30:00,456.8141
22.573973000000002,114.118394,14.0,7:06:00,443.4528
23.048773,113.320775,16.0,7:27:00,438.3089
22.654465,114.04255800000001,12.0,7:12:00,432.0017
23.08834,113.811783,42.0,6:48:00,430.3396
23.042076,113.088167,36.0,6:39:00,425.5539
22.715649,114.26645400000001,34.0,6:36:00,419.474
23.102272,113.314206,15.0,7:51:00,409.9957
22.957762,113.88559099999999,40.0,6:30:00,404.3689
22.735681,114.276218,34.0,6:39:00,401.2549
22.566656,114.04878500000001,11.0,7:27:00,389.3617
22.605696,114.052535,11.0,7:30:00,388.9843
22.528087,114.053445,12.0,7:06:00,385.9114
22.557073000000003,114.09361899999999,1.0,6:30:00,371.5909
22.663709,114.02819,10.0,7:15:00,358.6164
22.600908,114.124103,13.0,7:24:00,355.7476
22.702596,113.84158500000001,10.0,6:51:00,339.6894
23.133346,113.28821299999998,1.0,6:54:00,325.9203
23.371734,113.24984099999999,33.0,6:33:00,322.1326
23.060244,113.228424,15.0,7:18:00,318.7701
23.025509,113.136987,29.0,6:45:00,318.7701
23.131169,113.297453,16.0,7:39:00,317.5724
22.55917,113.964202,16.0,7:21:00,317.3112
22.571019,114.063028,10.0,7:42:00,316.9499
23.019707999999998,113.08888600000002,1.0,6:30:00,313.7988
22.602495,114.120857,12.0,7:30:00,310.1361
23.291608,113.311949,17.0,6:54:00,308.6912
22.526055,113.932399,18.0,7:00:00,308.3529
22.957819,113.88545500000001,32.0,6:33:00,289.7356
23.136869,113.252176,17.0,7:33:00,287.4723
22.5606,113.914169,17.0,7:03:00,286.1964
23.02382,113.12482,22.0,7:06:00,284.9008
23.170052,112.89601200000001,14.0,6:36:00,271.4754
23.192579000000002,113.347404,14.0,7:42:00,263.7415
22.609184,114.036224,1.0,6:33:00,255.3604
23.096916,113.284093,11.0,7:57:00,246.9617
22.58338,114.13239499999999,1.0,6:36:00,243.7428
22.737832,113.824021,8.0,6:54:00,243.0345
22.669148,113.923368,11.0,7:00:00,240.7228
22.697751,114.227313,22.0,6:45:00,239.112
22.634345,114.07933600000001,10.0,7:39:00,239.0776
23.017262,113.334856,15.0,7:18:00,239.0776
23.035953,113.163214,19.0,6:54:00,236.2993
22.615165,114.168801,12.0,7:09:00,234.2849
22.999192,114.343194,42.0,6:30:00,233.9414
23.107526999999997,113.14625,22.0,6:51:00,225.3733
22.670303,114.13948700000002,11.0,7:24:00,225.2535
22.667193,114.020917,7.0,7:30:00,223.4477
23.626787,113.43641000000001,13.0,6:30:00,219.9701
22.653315,114.02951599999999,8.0,7:36:00,219.7008
22.626070000000002,114.073376,10.0,7:57:00,218.2444
22.644142000000002,113.867745,11.0,7:15:00,213.7231
23.055061,113.74438400000001,25.0,7:03:00,213.5504
22.633177,114.230291,19.0,6:54:00,212.6327
22.980660999999998,114.00200500000001,14.0,6:33:00,200.0799
23.174498999999997,113.263282,13.0,7:42:00,199.2313
22.93804,113.665746,20.0,6:42:00,199.2313
22.845506,113.269551,63.0,6:30:00,199.2313
22.563546,114.13839899999999,9.0,7:39:00,197.6011
22.6656,114.20803000000001,18.0,7:06:00,196.782
23.133276000000002,113.249702,14.0,7:48:00,195.40099999999998
23.118029999999997,113.36228700000001,10.0,8:00:00,192.2122
22.919953,113.21396100000001,1.0,6:30:00,191.2621
22.705938,114.091435,9.0,7:21:00,190.1459
22.654493,114.04260500000001,8.0,7:57:00,188.7821
22.995646,114.006372,13.0,6:39:00,183.7939
23.022885000000002,113.82693300000001,26.0,6:57:00,183.2365
22.624889000000003,114.152166,1.0,6:36:00,181.9852
23.224528,113.31746799999999,11.0,7:45:00,181.2249
22.741636,114.26665200000001,1.0,6:30:00,180.201
23.054148,113.294756,10.0,7:51:00,179.3082
22.674691,113.796497,1.0,6:30:00,179.3082
22.966344,113.092801,13.0,7:21:00,179.3082
23.156692,113.328526,13.0,8:00:00,174.7604
23.190576999999998,113.251884,12.0,7:45:00,171.1987
23.010914,113.733551,23.0,7:03:00,171.1253
23.072207000000002,113.112958,23.0,6:51:00,169.0116
23.101557999999997,113.31450600000001,10.0,8:00:00,168.3819
23.012481,113.083899,23.0,6:54:00,168.3546
22.611218,114.15920700000001,9.0,7:36:00,159.3851
23.1306,113.241295,14.0,7:57:00,159.3851
22.619846,114.10703400000001,9.0,8:00:00,157.4156
22.55123,114.093465,8.0,7:48:00,152.1497
22.506225,113.945301,1.0,6:30:00,151.7244
22.657811,114.029555,7.0,7:51:00,151.7204
23.016932999999998,113.14900700000001,21.0,7:00:00,151.5345
22.630003,114.15493799999999,10.0,7:45:00,151.4158
22.800524,113.82890800000001,7.0,6:51:00,151.4158
23.120203,113.136969,17.0,7:00:00,149.86
23.293868,113.372001,12.0,6:51:00,149.0707
23.034994,113.749133,22.0,7:12:00,148.8489
23.045704,113.49505,7.0,6:51:00,148.5654
23.106751000000003,113.31249299999999,9.0,8:00:00,147.3951
23.039656,113.718566,12.0,6:45:00,145.8889
23.0391,113.13376000000001,20.0,7:06:00,145.195
23.226408,113.27228400000001,10.0,7:48:00,142.0646
22.665157,114.03023200000001,6.0,7:51:00,140.7584
22.621807999999998,114.031797,7.0,8:00:00,139.4619
22.628276,114.15941299999999,9.0,7:48:00,139.4619
23.103618,113.37559099999999,8.0,8:00:00,139.4619
23.019975,113.33984199999999,11.0,7:36:00,138.8561
22.919974,113.213898,1.0,6:33:00,135.7602
22.619739000000003,114.107025,8.0,8:00:00,134.8147
22.965764,114.03583200000001,12.0,6:36:00,134.5708
22.676151,114.014881,1.0,6:33:00,132.10299999999998
22.960617000000003,113.701495,15.0,7:06:00,130.7752
23.106792000000002,113.312499,9.0,8:00:00,127.508
22.520804000000002,113.942816,12.0,7:06:00,126.9857
22.980092000000003,113.017895,24.0,6:42:00,123.5234
23.558419,113.614671,30.0,6:30:00,120.3874
22.638154,114.20246100000001,13.0,7:33:00,119.5388
22.723878,113.90333700000001,7.0,7:00:00,119.5388
22.551842,114.13140700000001,7.0,8:00:00,119.5388
23.097481,113.269269,8.0,8:00:00,119.5388
22.69495,114.23199199999999,1.0,6:36:00,119.5388
23.127013,113.39974199999999,7.0,8:00:00,119.5388
22.982070999999998,114.032407,11.0,6:42:00,119.5388
22.970760000000002,113.99635,9.0,6:42:00,119.5388
22.928824,112.93973899999999,30.0,6:33:00,119.5388
23.227075,113.29321200000001,9.0,7:57:00,115.9629
23.146568,113.34682600000001,1.0,7:06:00,115.7718
23.212972,113.391595,8.0,7:42:00,115.646
23.143901,113.299725,10.0,8:00:00,115.5542
23.060157999999998,113.777571,25.0,7:06:00,115.5408
23.03343,113.14227,18.0,7:15:00,114.8859
23.019462,113.077555,16.0,7:27:00,114.4205
22.563803,114.040747,6.0,8:00:00,112.9106
23.444281,113.196688,24.0,6:33:00,112.1376
23.467101,113.365807,9.0,6:36:00,111.5695
22.589192999999998,113.97319399999999,9.0,8:00:00,110.69
23.065583,113.585017,7.0,6:48:00,108.7365
23.100414,113.29510400000001,8.0,8:00:00,106.4804
23.075797,113.288044,8.0,8:00:00,105.5926
23.340387,113.303661,12.0,6:45:00,105.5176
23.073486,113.17043899999999,11.0,7:39:00,105.3559
23.018176999999998,113.341384,9.0,7:51:00,104.1227
22.576181,114.11314499999999,7.0,8:00:00,103.6003
23.037115,113.117726,17.0,7:18:00,103.0065
22.657617000000002,114.20775900000001,13.0,7:30:00,102.08
22.615435,114.12320700000001,7.0,8:00:00,102.0617
23.484326,113.205374,23.0,6:33:00,101.60799999999999
22.773827,114.329945,18.0,6:42:00,99.6157
23.309835,113.36433000000001,11.0,7:00:00,99.6157
22.588494,113.949223,9.0,8:00:00,99.6157
22.73834,113.814489,5.0,7:06:00,99.6157
23.042795,113.30588,8.0,8:00:00,99.6157
22.617982,114.118918,7.0,8:00:00,99.6157
22.729964000000002,114.297779,15.0,6:57:00,99.6157
23.207391,113.335702,9.0,8:00:00,99.6157
23.051220999999998,113.787943,19.0,7:15:00,99.6157
22.832479,113.061531,3.0,6:42:00,99.6157
22.796875,113.771143,4.0,7:00:00,97.0036
22.801349,113.714482,1.0,6:30:00,94.9628
22.763973,113.813969,5.0,7:09:00,94.8781
23.114455,113.31211,8.0,8:00:00,93.5386
23.205772,113.27059399999999,1.0,7:09:00,93.2156
23.007204,113.12903,16.0,7:15:00,93.1884
23.396767,113.25510600000001,18.0,6:45:00,92.9875
22.683833,114.002003,5.0,7:54:00,92.8451
22.537617,114.12038700000001,7.0,8:00:00,92.14399999999999
23.014185,113.64811399999999,14.0,7:00:00,91.5635
22.720184,114.275458,16.0,7:03:00,88.7475
23.132941,113.338573,9.0,8:00:00,88.1576
23.112296,113.127154,14.0,7:21:00,87.1681
23.041392000000002,113.75766000000002,1.0,6:30:00,86.2996
23.0946,113.28443600000001,7.0,8:00:00,85.6695
22.676474,113.82178300000001,1.0,6:33:00,84.414
22.964203,113.08838300000001,15.0,7:12:00,84.0491
22.540942,114.073682,7.0,8:00:00,83.6772
23.064767,113.05448,13.0,7:36:00,83.6772
22.684504,113.95111499999999,6.0,7:33:00,82.9086
22.563444,114.12794299999999,6.0,8:00:00,82.3088
23.160089000000003,113.240921,10.0,8:00:00,79.6925
23.068369,113.261283,7.0,8:00:00,79.6925
23.212104,113.291573,7.0,8:00:00,79.6925
23.194579,113.273734,8.0,8:00:00,79.6925
22.591387,114.124439,1.0,6:42:00,79.6925
23.097545999999998,113.33598,1.0,7:12:00,79.6925
23.093079,113.278148,1.0,7:09:00,79.6925
23.442511,113.327665,9.0,6:45:00,79.6925
22.536425,113.94882199999999,9.0,7:27:00,79.6925
22.757872,113.913137,5.0,7:15:00,79.6925
22.572146,113.904177,9.0,7:18:00,79.6925
23.207769,113.37964299999999,7.0,7:57:00,79.6925
23.133812,113.27093500000001,1.0,7:12:00,79.6925
23.110957,113.460126,5.0,7:15:00,79.6925
22.631729,114.11967800000001,6.0,8:00:00,79.6925
22.572337,114.121094,1.0,6:42:00,79.6925
23.148395999999998,113.293411,8.0,8:00:00,79.6925
23.137481,113.28301499999999,8.0,8:00:00,79.6925
23.381258,113.220174,16.0,6:45:00,79.6925
22.693376,113.941047,6.0,7:24:00,79.6925
23.141344,113.34357800000001,8.0,8:00:00,79.6925
22.651485,114.11023899999999,6.0,8:00:00,79.6925
23.150785,113.332625,9.0,8:00:00,79.6925
23.247414000000003,113.31608100000001,9.0,7:42:00,79.6925
22.550214,114.092453,6.0,8:00:00,79.6925
23.144206,113.240874,10.0,8:00:00,79.6925
22.910687,113.999879,8.0,6:48:00,79.6925
22.878442,113.821749,6.0,6:48:00,79.6925
22.80034,113.82803799999999,5.0,7:06:00,79.6925
22.947805,113.274358,8.0,7:03:00,79.6925
22.821220999999998,113.052974,5.0,6:33:00,79.6925
23.037111,113.134501,11.0,8:00:00,79.6925
22.887126000000002,113.40168600000001,14.0,6:36:00,75.3616
22.960801999999997,113.33574899999999,5.0,7:24:00,73.2507
23.063445,113.77457199999999,20.0,7:09:00,71.7233
22.939187,113.746074,17.0,7:03:00,70.9796
22.665838,114.068923,5.0,8:00:00,64.7502
22.568389,113.90155,8.0,7:21:00,64.292
22.592527,113.84644399999999,13.0,7:03:00,61.7617
23.40515,113.22872199999999,13.0,6:54:00,60.12
23.26376,113.258772,7.0,7:42:00,59.7694
23.137429,113.28285600000001,7.0,8:00:00,59.7694
23.136754999999997,113.393612,1.0,7:09:00,59.7694
23.135920000000002,113.315173,7.0,8:00:00,59.7694
23.137578,113.28293500000001,7.0,8:00:00,59.7694
23.254296,113.31565900000001,8.0,7:57:00,59.7694
23.120306,113.268304,6.0,8:00:00,59.7694
23.126948000000002,113.27423999999999,7.0,8:00:00,59.7694
23.151009,113.551515,1.0,6:30:00,59.7694
23.077633,113.289146,6.0,8:00:00,59.7694
22.692574,114.22422399999999,11.0,7:21:00,59.7694
22.936494,113.35928500000001,6.0,7:15:00,59.7694
23.124292,113.357872,6.0,8:00:00,59.7694
22.944615,113.403347,5.0,7:12:00,59.7694
22.676503,114.01931100000002,3.0,8:00:00,59.7694
23.164734,113.229295,8.0,8:00:00,59.7694
23.104198,113.363252,6.0,8:00:00,59.7694
22.735438000000002,114.284747,13.0,7:03:00,59.7694
22.540448,114.066268,1.0,6:48:00,59.7694
22.686066,113.99306100000001,4.0,8:00:00,59.7694
22.633013000000002,114.041198,4.0,8:00:00,59.7694
22.721816,114.26517700000001,13.0,7:06:00,59.7694
22.549107,114.12836100000001,5.0,8:00:00,59.7694
23.10824,113.26614,6.0,8:00:00,59.7694
22.612929,114.137262,5.0,8:00:00,59.7694
22.543915,114.058444,5.0,8:00:00,59.7694
23.126053,113.401054,5.0,8:00:00,59.7694
22.523460999999998,114.04787900000001,5.0,8:00:00,59.7694
22.688779,113.94495500000001,5.0,7:42:00,59.7694
22.735666000000002,113.90807099999999,5.0,7:27:00,59.7694
23.124435000000002,113.338799,6.0,8:00:00,59.7694
22.588207,113.906852,8.0,7:39:00,59.7694
23.054901,113.768854,18.0,7:15:00,59.7694
23.173780999999998,112.864304,1.0,6:30:00,59.7694
23.118702,113.132484,11.0,7:27:00,59.7694
23.040919,113.132589,10.0,8:00:00,59.7694
23.004923,113.15750700000001,13.0,7:27:00,59.7694
23.072993,113.209,1.0,6:51:00,59.7694
22.992379999999997,113.126195,13.0,7:24:00,59.7694
23.287294,113.625475,12.0,6:30:00,59.2557
23.181232,113.51278,3.0,6:48:00,58.2166
22.620732,114.142503,5.0,8:00:00,57.6201
22.654518,114.042548,4.0,8:00:00,57.1467
22.979873,113.314866,1.0,6:30:00,56.9125
23.13475,113.392481,1.0,7:15:00,56.9125
22.985329,113.719121,12.0,7:30:00,55.7674
22.615454,114.12311299999999,5.0,8:00:00,55.7056
23.065181,113.15496,12.0,7:45:00,55.5474
22.624164999999998,114.044003,4.0,8:00:00,55.5456
23.107515,113.457024,4.0,7:33:00,53.5749
22.573093,113.960327,6.0,8:00:00,53.1584
22.5738,113.9662,6.0,8:00:00,52.5572
22.605395,114.127734,5.0,8:00:00,51.806999999999995
22.555394,114.118897,5.0,8:00:00,50.3799
22.52894,114.07265,5.0,8:00:00,49.6626
23.064412,113.447505,4.0,7:39:00,49.648
23.032306,113.15679499999999,12.0,7:54:00,49.3891
23.125804000000002,113.4009,4.0,8:00:00,48.5795
23.009643,113.143825,12.0,7:45:00,47.8155
23.026035999999998,113.31943000000001,6.0,8:00:00,46.5355
23.123307999999998,113.409223,4.0,8:00:00,46.3032
23.096891,113.304406,5.0,8:00:00,46.2113
23.098008,113.236094,6.0,8:00:00,46.0497
23.203413,113.229464,6.0,8:00:00,45.8232
22.672999,114.227576,10.0,7:39:00,45.6855
22.703545000000002,113.944387,4.0,7:54:00,45.4946
22.614072,114.148979,5.0,8:00:00,45.105
23.11072,113.27443600000001,5.0,8:00:00,44.3144
23.087139,113.278892,5.0,8:00:00,44.1162
23.179085,113.23256200000002,7.0,8:00:00,43.8309
23.141318,113.40041699999999,5.0,8:00:00,43.8033
22.716905,114.388943,5.0,6:39:00,42.8347
23.091655,113.33694399999999,5.0,8:00:00,42.3704
23.318118,113.363802,7.0,7:03:00,42.1776
23.377337,113.21454299999999,11.0,6:51:00,41.8386
23.126860999999998,113.26799399999999,6.0,8:00:00,41.8386
22.524485000000002,113.949348,7.0,7:51:00,41.8386
23.196752,113.347108,5.0,8:00:00,41.8386
22.831844,113.696638,3.0,6:42:00,41.8386
22.678983,114.00437600000001,4.0,8:00:00,41.8386
23.040397,113.158358,10.0,8:00:00,41.8386
23.15374,112.905005,7.0,6:39:00,41.8386
22.675887,113.807281,6.0,7:03:00,40.0001
22.625597,114.03451899999999,3.0,8:00:00,39.9479
22.545463,113.92638999999998,1.0,6:33:00,39.8463
23.458748999999997,113.19398600000001,14.0,6:51:00,39.8463
22.540878,114.08584499999999,5.0,8:00:00,39.8463
22.559842,114.118199,4.0,8:00:00,39.8463
23.212488,113.292305,5.0,8:00:00,39.8463
23.13516,113.33788600000001,6.0,8:00:00,39.8463
23.105198,113.27688400000001,5.0,8:00:00,39.8463
23.095225,113.365248,4.0,8:00:00,39.8463
23.193444,113.370323,5.0,8:00:00,39.8463
22.565797,114.123028,4.0,8:00:00,39.8463
23.001787,113.352865,6.0,8:00:00,39.8463
22.728735999999998,114.26430500000001,1.0,6:36:00,39.8463
23.373834,113.433356,5.0,6:45:00,39.8463
23.135970999999998,113.38671299999999,5.0,8:00:00,39.8463
22.646860999999998,114.009774,1.0,6:39:00,39.8463
22.679169,113.938947,5.0,8:00:00,39.8463
23.10584,113.27128400000001,5.0,8:00:00,39.8463
22.659864000000002,114.120275,5.0,8:00:00,39.8463
22.708022,113.815302,3.0,7:24:00,39.8463
22.550248,114.09253400000001,4.0,8:00:00,39.8463
22.547093,113.97810600000001,1.0,6:39:00,39.8463
22.56253,114.09444099999999,1.0,6:51:00,39.8463
23.148314000000003,113.29334899999999,1.0,7:36:00,39.8463
22.550907000000002,114.13329499999999,1.0,6:51:00,39.8463
23.141977,113.236106,7.0,8:00:00,39.8463
23.17077,113.386429,5.0,8:00:00,39.8463
23.10288,113.240445,6.0,8:00:00,39.8463
22.531248,114.074777,5.0,8:00:00,39.8463
22.566277,114.057247,1.0,6:51:00,39.8463
22.937503,113.472495,12.0,6:39:00,39.8463
22.780596,114.29711599999999,10.0,7:06:00,39.8463
22.693761,114.225501,9.0,7:45:00,39.8463
22.607315,114.11131499999999,4.0,8:00:00,39.8463
23.203141,113.34152900000001,5.0,8:00:00,39.8463
22.609728,114.12126799999999,4.0,8:00:00,39.8463
22.571192,114.040503,3.0,8:00:00,39.8463
23.132668,113.286578,6.0,8:00:00,39.8463
22.581488,113.877354,6.0,7:42:00,39.8463
22.681384,113.835816,5.0,7:21:00,39.8463
22.626028,114.152468,5.0,8:00:00,39.8463
23.439895,113.272345,9.0,7:06:00,39.8463
23.142616,113.293306,6.0,8:00:00,39.8463
23.279398,113.215721,9.0,7:18:00,39.8463
22.553907000000002,113.974574,6.0,8:00:00,39.8463
22.573458,114.11882299999999,4.0,8:00:00,39.8463
23.112827,113.280243,1.0,7:27:00,39.8463
22.991592,113.72313500000001,1.0,6:33:00,39.8463
23.333676,113.393497,5.0,6:57:00,39.8463
22.537562,113.93703899999998,7.0,7:45:00,39.8463
22.608567999999998,113.853501,1.0,6:36:00,39.8463
23.223677,113.236506,6.0,8:00:00,39.8463
23.101533,113.28123300000001,1.0,7:27:00,39.8463
22.539697,113.91186100000002,7.0,7:39:00,39.8463
22.521439,113.93006299999999,1.0,6:33:00,39.8463
22.541419,114.109829,4.0,8:00:00,39.8463
22.521504999999998,113.932276,6.0,7:39:00,39.8463
23.41147,113.19220800000001,15.0,6:51:00,39.8463
22.586891,113.86951599999999,6.0,7:42:00,39.8463
23.105473999999997,113.487867,4.0,7:27:00,39.8463
22.537285999999998,114.075432,1.0,6:51:00,39.8463
22.54842,114.08911200000001,4.0,8:00:00,39.8463
22.67597,114.04162099999999,3.0,8:00:00,39.8463
23.122523,113.40199799999999,4.0,8:00:00,39.8463
22.656474,114.02653600000001,1.0,6:45:00,39.8463
22.697979999999998,113.82128,4.0,7:15:00,39.8463
23.168829000000002,113.32578600000001,1.0,7:39:00,39.8463
22.65703,114.21815500000001,1.0,6:48:00,39.8463
23.214644,113.262955,5.0,8:00:00,39.8463
23.192039,113.348428,5.0,8:00:00,39.8463
22.566805,113.92673300000001,6.0,7:42:00,39.8463
22.557264,114.05461799999999,4.0,8:00:00,39.8463
23.136778,113.393584,1.0,7:18:00,39.8463
23.102809,113.23530500000001,6.0,8:00:00,39.8463
23.349518,113.299053,7.0,7:18:00,39.8463
22.716731,113.83588200000001,4.0,7:30:00,39.8463
22.767485,113.900599,4.0,7:33:00,39.8463
23.126049,113.321041,6.0,8:00:00,39.8463
23.061671,113.2262,5.0,8:00:00,39.8463
23.138925,113.378918,5.0,8:00:00,39.8463
22.726808,113.904246,4.0,7:39:00,39.8463
22.681319000000002,113.949623,5.0,8:00:00,39.8463
22.606031,114.12670700000001,4.0,8:00:00,39.8463
22.760543,113.922454,4.0,7:36:00,39.8463
23.117189,113.36276299999999,5.0,8:00:00,39.8463
22.794154000000002,113.385011,1.0,6:30:00,39.8463
22.622065,114.12173600000001,4.0,8:00:00,39.8463
22.538354,113.977801,6.0,8:00:00,39.8463
23.108233,113.26591200000001,5.0,8:00:00,39.8463
23.098874,113.328971,5.0,8:00:00,39.8463
22.752553,114.026436,4.0,7:30:00,39.8463
23.149310999999997,113.28236000000001,6.0,8:00:00,39.8463
22.619595,114.22920900000001,7.0,7:36:00,39.8463
22.559059,114.158556,1.0,6:48:00,39.8463
22.694935,113.84495600000001,4.0,7:27:00,39.8463
23.115144,113.25955,5.0,8:00:00,39.8463
22.637062,114.07656100000001,4.0,8:00:00,39.8463
23.017785,114.039199,6.0,6:57:00,39.8463
22.869974,113.67508000000001,3.0,7:00:00,39.8463
22.86985,114.13128799999998,9.0,6:33:00,39.8463
22.801963,113.721845,3.0,6:54:00,39.8463
23.121891,113.824454,12.0,7:06:00,39.8463
23.065028,113.900075,12.0,6:48:00,39.8463
22.92074,114.012363,6.0,6:54:00,39.8463
22.79723,114.080272,9.0,6:33:00,39.8463
23.041766,113.733323,1.0,6:33:00,39.8463
22.983841,113.929266,9.0,6:51:00,39.8463
23.037111,113.88644099999999,15.0,6:51:00,39.8463
23.048678,113.7786,14.0,7:21:00,39.8463
22.811692,113.68276599999999,1.0,6:33:00,39.8463
22.883376000000002,114.119983,9.0,6:36:00,39.8463
22.938454,113.80792199999999,14.0,7:00:00,39.8463
22.877674,113.08280800000001,11.0,6:39:00,39.8463
23.230059,113.08838,10.0,6:30:00,39.8463
22.91514,112.872049,19.0,6:33:00,39.8463
23.002962,113.13325,10.0,7:51:00,39.8463
23.054569,112.923115,8.0,6:39:00,39.8463
22.906751999999997,113.16748500000001,19.0,6:42:00,39.8463
22.946631,113.28217099999999,5.0,7:18:00,39.8463
22.877588,113.082854,11.0,6:39:00,39.8463
22.908228,113.22448700000001,18.0,6:45:00,39.0864
22.963037,113.107354,10.0,7:57:00,38.4497
22.743173000000002,114.13995200000001,4.0,8:00:00,38.0205
22.602344,114.059629,4.0,8:00:00,37.8577
22.665991,114.06549,4.0,8:00:00,36.4665
22.913183,113.845955,10.0,6:51:00,34.7793
22.801748999999997,113.75283999999999,3.0,7:21:00,34.0831
22.949361,113.383475,1.0,6:33:00,34.0692
22.67858,113.807474,4.0,7:36:00,33.7613
23.198099,113.42404599999999,4.0,8:00:00,32.927
23.118314,113.409231,3.0,8:00:00,31.759
22.523183,114.05948300000001,4.0,8:00:00,31.5716
23.107375,113.54118899999999,2.0,7:06:00,31.5077
22.985054,113.730621,9.0,7:39:00,31.4796
23.226076000000003,113.309537,5.0,8:00:00,29.8847
23.117332,113.411635,3.0,8:00:00,29.851999999999997
23.142654999999998,113.377527,4.0,8:00:00,28.1365
22.571079,114.06153,3.0,8:00:00,24.6983
23.101896,113.32588899999999,4.0,8:00:00,24.1771
22.590912,113.93808500000002,4.0,8:00:00,23.9078
23.477470999999998,113.15330900000001,12.0,6:48:00,23.9078
23.102825,113.38588899999999,3.0,8:00:00,23.9078
22.764807,113.2973,24.0,6:42:00,23.4954
23.062129000000002,113.274549,4.0,8:00:00,23.4321
23.06127,114.017925,4.0,6:54:00,23.0116
23.465214000000003,113.11651599999999,12.0,6:51:00,21.9154
23.10473,113.270301,4.0,8:00:00,21.9154
23.125273,113.42443100000001,3.0,8:00:00,21.9154
22.616991,114.05032299999999,3.0,8:00:00,21.9154
23.467767000000002,113.15326499999999,11.0,6:57:00,21.9154
23.308687,113.411452,4.0,7:03:00,21.9154
23.007471,113.134428,8.0,8:00:00,21.9154
22.578875,113.865793,6.0,7:57:00,21.6439
22.754533,113.81418799999999,2.0,7:54:00,21.1757
22.709310000000002,113.97225,3.0,8:00:00,21.0
22.960403,113.668769,6.0,7:24:00,20.9193
22.660281,114.221429,6.0,8:00:00,20.5801
23.131021,113.010393,11.0,6:42:00,20.4029
22.846829999999997,114.17049399999999,6.0,6:39:00,20.2945
23.076161,113.80713,10.0,7:33:00,20.2553
23.038477,113.797326,9.0,7:45:00,20.1144
23.021185,113.73637099999999,8.0,7:54:00,20.0221
22.987672,113.950727,5.0,7:15:00,20.0
23.133160999999998,113.422087,3.0,8:00:00,19.9231
22.691007,114.35042299999999,5.0,7:03:00,19.9231
22.683829,113.94291499999999,3.0,8:00:00,19.9231
22.965728,113.47363600000001,5.0,6:54:00,19.9231
23.404957,113.230019,8.0,7:18:00,19.9231
22.664514999999998,113.82721699999999,4.0,8:00:00,19.9231
22.699071,114.262472,7.0,7:33:00,19.9231
23.219338,113.229506,4.0,8:00:00,19.9231
22.537866,114.026688,3.0,8:00:00,19.9231
22.571144,113.913206,4.0,8:00:00,19.9231
22.532385,114.03714699999999,2.0,8:00:00,19.9231
23.158235,113.60728,12.0,6:39:00,19.9231
22.80646,113.847029,3.0,7:39:00,19.9231
22.742420000000003,113.811259,2.0,7:57:00,19.9231
22.609277,114.07248700000001,3.0,8:00:00,19.9231
22.597208,114.138971,3.0,8:00:00,19.9231
23.075938,113.311626,4.0,8:00:00,19.9231
23.477391,113.16171100000001,11.0,7:00:00,19.9231
23.194785,113.273758,4.0,8:00:00,19.9231
22.634382000000002,114.06136699999999,3.0,8:00:00,19.9231
23.131625,113.269593,4.0,8:00:00,19.9231
22.679075,113.940527,4.0,8:00:00,19.9231
22.540551999999998,114.07440600000001,3.0,8:00:00,19.9231
22.620184,114.15286,3.0,8:00:00,19.9231
22.678692,114.03631499999999,3.0,8:00:00,19.9231
23.13176,113.281256,4.0,8:00:00,19.9231
23.105626,113.33185700000001,4.0,8:00:00,19.9231
23.232252,113.2174,5.0,8:00:00,19.9231
23.250338,113.352783,4.0,8:00:00,19.9231
22.557326999999997,114.136246,3.0,8:00:00,19.9231
22.684399,113.951052,3.0,8:00:00,19.9231
22.569903,114.14494499999999,3.0,8:00:00,19.9231
22.649654,113.917479,3.0,8:00:00,19.9231
23.40065,113.235188,8.0,7:18:00,19.9231
22.756044,113.85276599999999,3.0,8:00:00,19.9231
23.554402,113.58538899999999,16.0,6:33:00,19.9231
22.650392,114.052425,3.0,8:00:00,19.9231
23.553982,113.60336000000001,13.0,6:33:00,19.9231
22.727754,113.83403700000001,3.0,8:00:00,19.9231
22.754611999999998,114.23570900000001,8.0,7:27:00,19.9231
22.736548000000003,113.81548899999999,2.0,8:00:00,19.9231
23.125736,113.26683200000001,1.0,7:54:00,19.9231
22.603963,113.848492,5.0,8:00:00,19.9231
23.244184,113.232456,5.0,8:00:00,19.9231
23.279235999999997,113.411627,2.0,7:42:00,19.9231
23.205494,113.265774,4.0,8:00:00,19.9231
23.12206,113.40031299999998,3.0,8:00:00,19.9231
23.027846,113.314994,4.0,8:00:00,19.9231
23.242655,113.260177,4.0,8:00:00,19.9231
23.29632,113.30856899999999,6.0,8:00:00,19.9231
22.567565,114.13408100000001,3.0,8:00:00,19.9231
23.537496,113.59413400000001,14.0,6:33:00,19.9231
22.631401999999998,114.04273700000002,2.0,8:00:00,19.9231
22.604214000000002,114.136224,3.0,8:00:00,19.9231
22.607632000000002,113.943851,4.0,8:00:00,19.9231
23.126541,113.634612,8.0,6:39:00,19.9231
22.512119000000002,113.937591,5.0,8:00:00,19.9231
22.635545999999998,114.068196,3.0,8:00:00,19.9231
22.69665,114.334521,6.0,7:06:00,19.9231
23.139733,113.367267,4.0,8:00:00,19.9231
22.58193,113.958801,4.0,8:00:00,19.9231
22.752829000000002,114.02841799999999,3.0,7:54:00,19.9231
23.156760000000002,113.588452,4.0,6:45:00,19.9231
22.622401999999997,114.08157299999999,3.0,8:00:00,19.9231
23.049134,113.39206899999999,3.0,8:00:00,19.9231
23.301305,113.83191000000001,2.0,6:36:00,19.9231
23.140659,113.328849,4.0,8:00:00,19.9231
22.566256,113.91273600000001,4.0,8:00:00,19.9231
22.614646,114.120194,3.0,8:00:00,19.9231
22.702251,114.059494,3.0,8:00:00,19.9231
22.614975,114.14972399999999,3.0,8:00:00,19.9231
23.390261,113.171529,10.0,7:06:00,19.9231
22.520270999999997,113.91905600000001,5.0,8:00:00,19.9231
22.746363,113.79577900000001,2.0,7:42:00,19.9231
22.568192,113.904839,4.0,8:00:00,19.9231
23.093532,113.29908300000001,3.0,8:00:00,19.9231
23.302272,113.36521200000001,5.0,7:45:00,19.9231
23.365917,113.40805800000001,5.0,6:57:00,19.9231
23.189998000000003,113.25644199999999,4.0,8:00:00,19.9231
22.543198,114.087865,3.0,8:00:00,19.9231
23.127570000000002,113.258991,4.0,8:00:00,19.9231
23.141658,113.300051,4.0,8:00:00,19.9231
23.253257,113.36206100000001,4.0,8:00:00,19.9231
23.170583999999998,113.247355,5.0,8:00:00,19.9231
22.703833,114.09383100000001,3.0,8:00:00,19.9231
22.654378,114.018598,2.0,8:00:00,19.9231
23.181904,113.274925,4.0,8:00:00,19.9231
22.574853,114.10472,1.0,7:21:00,19.9231
22.609328,114.045171,2.0,8:00:00,19.9231
23.12484,113.428474,3.0,8:00:00,19.9231
22.682171,113.831826,3.0,7:54:00,19.9231
22.678585,114.149829,4.0,8:00:00,19.9231
23.09955,113.258924,3.0,8:00:00,19.9231
23.1273,113.275742,4.0,8:00:00,19.9231
22.695318,114.284897,8.0,7:30:00,19.9231
22.586047,114.118147,3.0,8:00:00,19.9231
22.791047,113.90778600000002,3.0,7:51:00,19.9231
23.137667,113.268607,4.0,8:00:00,19.9231
23.101714,113.237932,4.0,8:00:00,19.9231
23.089531,113.30353999999998,4.0,8:00:00,19.9231
22.981732,113.50846100000001,6.0,6:45:00,19.9231
22.782427,113.899277,3.0,7:57:00,19.9231
23.306762,113.272456,7.0,7:54:00,19.9231
23.127909,113.42953600000001,3.0,8:00:00,19.9231
22.68233,113.945186,3.0,8:00:00,19.9231
22.740512,113.798479,2.0,7:42:00,19.9231
22.612742,114.13084199999999,3.0,8:00:00,19.9231
23.245182999999997,113.26698999999999,4.0,8:00:00,19.9231
23.288104,113.62400500000001,7.0,6:33:00,19.9231
22.561428,113.91509099999999,4.0,8:00:00,19.9231
22.648626999999998,114.045759,2.0,8:00:00,19.9231
23.265167,113.30372,4.0,8:00:00,19.9231
22.731366,113.87128799999999,3.0,8:00:00,19.9231
23.131497,113.263774,4.0,8:00:00,19.9231
23.291829,113.311527,4.0,8:00:00,19.9231
23.388053,113.209874,9.0,7:15:00,19.9231
22.726154,114.31471,7.0,7:21:00,19.9231
22.724083,113.83535,3.0,8:00:00,19.9231
22.641265,114.193002,5.0,8:00:00,19.9231
23.168946,113.38731899999999,3.0,8:00:00,19.9231
22.779356,113.88251699999999,3.0,8:00:00,19.9231
22.694785999999997,114.363229,4.0,7:03:00,19.9231
23.237748,113.29174499999999,4.0,8:00:00,19.9231
22.935688,113.32953700000002,4.0,7:30:00,19.9231
23.177908,113.26256299999999,4.0,8:00:00,19.9231
22.580536,113.927531,4.0,8:00:00,19.9231
23.013819,113.28634699999999,4.0,8:00:00,19.9231
23.288,113.24843500000001,6.0,8:00:00,19.9231
22.754333,113.825901,2.0,8:00:00,19.9231
23.193002,113.240517,5.0,8:00:00,19.9231
22.755268,113.901022,3.0,8:00:00,19.9231
22.585088,114.12516699999999,3.0,8:00:00,19.9231
23.136657,113.394102,3.0,8:00:00,19.9231
23.128267,113.28835600000001,1.0,8:00:00,19.9231
23.076328,113.18740700000001,5.0,8:00:00,19.9231
23.139008,113.38467,3.0,8:00:00,19.9231
22.60748,113.857353,5.0,8:00:00,19.9231
23.048494,113.31861299999998,3.0,8:00:00,19.9231
23.103755,113.45262,3.0,8:00:00,19.9231
22.735653,113.86873600000001,3.0,8:00:00,19.9231
23.110975,113.284901,3.0,8:00:00,19.9231
23.127648999999998,113.568156,2.0,7:00:00,19.9231
23.170742999999998,113.495516,2.0,7:36:00,19.9231
22.546207,113.92349899999999,5.0,8:00:00,19.9231
22.647318,113.934592,3.0,8:00:00,19.9231
23.361475,113.154206,10.0,6:54:00,19.9231
23.164795,113.215376,5.0,8:00:00,19.9231
23.124025,113.252196,4.0,8:00:00,19.9231
22.632325,114.15311399999999,4.0,8:00:00,19.9231
23.154270999999998,113.50872700000001,2.0,7:24:00,19.9231
22.690644,113.929849,3.0,8:00:00,19.9231
22.699048,114.00616000000001,2.0,8:00:00,19.9231
23.082555,113.340246,4.0,8:00:00,19.9231
22.738389,114.01753500000001,3.0,8:00:00,19.9231
23.224812,113.278725,4.0,8:00:00,19.9231
23.340888,113.302796,5.0,7:30:00,19.9231
22.624755,114.042832,2.0,8:00:00,19.9231
22.70128,114.22832199999999,1.0,6:45:00,19.9231
23.033092,113.343921,4.0,8:00:00,19.9231
22.639714,113.93885300000001,3.0,8:00:00,19.9231
22.786051,113.932075,3.0,7:30:00,19.9231
22.558162,113.95352700000001,4.0,8:00:00,19.9231
22.642813,114.199652,5.0,8:00:00,19.9231
23.341603,113.30840800000001,5.0,7:30:00,19.9231
22.555692,114.146998,1.0,7:09:00,19.9231
22.693729,114.00396699999999,2.0,8:00:00,19.9231
22.752357999999997,114.04700600000001,3.0,7:45:00,19.9231
23.014123,113.33091200000001,4.0,8:00:00,19.9231
23.030732,113.318917,4.0,8:00:00,19.9231
23.151654,113.326654,4.0,8:00:00,19.9231
23.129766,113.418898,3.0,8:00:00,19.9231
23.180843,113.26666100000001,4.0,8:00:00,19.9231
23.018796,113.34102800000001,4.0,8:00:00,19.9231
23.130774,113.286409,4.0,8:00:00,19.9231
22.580654,113.920649,4.0,8:00:00,19.9231
22.708679,114.090291,3.0,8:00:00,19.9231
23.16337,113.25736200000001,4.0,8:00:00,19.9231
23.123160000000002,113.35453799999999,1.0,8:00:00,19.9231
22.69621,113.826622,3.0,7:48:00,19.9231
22.756527,114.25953600000001,8.0,7:24:00,19.9231
22.966895,113.403471,2.0,7:42:00,19.9231
23.126749,113.36353799999999,4.0,8:00:00,19.9231
23.508004,113.686901,14.0,6:33:00,19.9231
22.731757,114.07133999999999,3.0,8:00:00,19.9231
22.536229000000002,114.027799,3.0,8:00:00,19.9231
23.531128,113.615273,14.0,6:33:00,19.9231
23.093789,113.271795,1.0,7:51:00,19.9231
22.698636999999998,114.125143,3.0,8:00:00,19.9231
22.706283,114.08985700000001,3.0,8:00:00,19.9231
22.774767999999998,113.866064,3.0,8:00:00,19.9231
22.679928,113.837129,4.0,7:57:00,19.9231
22.728433,114.304924,7.0,7:27:00,19.9231
22.54748,113.97408700000001,4.0,8:00:00,19.9231
23.062979000000002,113.36523500000001,3.0,8:00:00,19.9231
22.607519,114.064577,3.0,8:00:00,19.9231
22.673135000000002,114.008872,2.0,8:00:00,19.9231
23.284708,113.852383,2.0,6:36:00,19.9231
23.020387,113.330951,4.0,8:00:00,19.9231
22.740157999999997,114.043842,3.0,8:00:00,19.9231
22.73341,114.287038,7.0,7:24:00,19.9231
22.524376,113.949325,4.0,8:00:00,19.9231
22.534015,114.06783600000001,3.0,8:00:00,19.9231
22.789535,113.933072,3.0,7:24:00,19.9231
22.722281,113.919227,3.0,8:00:00,19.9231
23.09882,113.340249,3.0,8:00:00,19.9231
23.128006,113.404252,3.0,8:00:00,19.9231
23.049124,113.399401,3.0,8:00:00,19.9231
22.687897,114.11403600000001,3.0,8:00:00,19.9231
23.022658,113.353567,4.0,8:00:00,19.9231
22.645554999999998,114.231645,6.0,8:00:00,19.9231
22.638425,114.02188100000001,2.0,8:00:00,19.9231
22.547653,113.977755,4.0,8:00:00,19.9231
23.40466,113.23289,8.0,7:18:00,19.9231
22.532510000000002,114.070865,3.0,8:00:00,19.9231
22.938598000000002,113.349263,4.0,7:30:00,19.9231
22.701929999999997,113.83187,3.0,8:00:00,19.9231
23.279593,113.83021799999999,2.0,6:36:00,19.9231
22.676134,114.031314,2.0,8:00:00,19.9231
22.626184,114.157752,4.0,8:00:00,19.9231
23.168598,113.331828,4.0,8:00:00,19.9231
23.183208,113.24285900000001,5.0,8:00:00,19.9231
22.676906,113.940583,3.0,8:00:00,19.9231
23.401581,113.212429,9.0,7:15:00,19.9231
23.114422,113.626196,8.0,6:39:00,19.9231
22.538407,113.924318,5.0,8:00:00,19.9231
22.710917000000002,113.820502,2.0,7:57:00,19.9231
22.618443,114.168494,3.0,8:00:00,19.9231
23.220429,113.382545,3.0,8:00:00,19.9231
22.729748,114.26951100000001,7.0,7:27:00,19.9231
22.978106,113.433893,4.0,7:18:00,19.9231
23.084767000000003,113.238996,4.0,8:00:00,19.9231
23.203614,113.260304,4.0,8:00:00,19.9231
23.121292,113.401779,3.0,8:00:00,19.9231
22.551115,114.019498,3.0,8:00:00,19.9231
22.712053,114.31953200000001,7.0,7:24:00,19.9231
22.552028,114.134689,3.0,8:00:00,19.9231
23.082187,113.23245,1.0,7:15:00,19.9231
22.762867,113.805277,2.0,7:51:00,19.9231
23.044102,113.341251,3.0,8:00:00,19.9231
22.625556,114.118522,3.0,8:00:00,19.9231
23.639637,113.685956,25.0,6:33:00,19.9231
22.709856,114.279051,7.0,7:30:00,19.9231
23.108546,113.283064,1.0,8:00:00,19.9231
22.745954,114.400805,6.0,6:42:00,19.9231
22.516794,113.928555,5.0,8:00:00,19.9231
23.148217000000002,113.29331100000002,1.0,8:00:00,19.9231
23.070767,113.315198,4.0,8:00:00,19.9231
22.556929999999998,114.13561000000001,1.0,7:12:00,19.9231
22.778588,113.822878,2.0,7:54:00,19.9231
22.622372,114.032724,2.0,8:00:00,19.9231
22.549685999999998,114.096624,3.0,8:00:00,19.9231
23.284194,113.251466,4.0,8:00:00,19.9231
22.66355,114.113317,3.0,8:00:00,19.9231
23.131877,113.467281,2.0,8:00:00,19.9231
22.679938,113.944084,3.0,8:00:00,19.9231
22.779912,113.90616999999999,3.0,8:00:00,19.9231
22.759359,113.923425,3.0,8:00:00,19.9231
23.373447,113.305572,6.0,7:24:00,19.9231
22.656834,114.03886299999999,2.0,8:00:00,19.9231
23.172054,113.38756000000001,3.0,8:00:00,19.9231
23.216804999999997,113.382687,3.0,8:00:00,19.9231
22.997366,113.313271,4.0,8:00:00,19.9231
23.164807999999997,113.21542600000001,5.0,8:00:00,19.9231
22.958694,113.378083,3.0,7:42:00,19.9231
22.64647,114.009748,1.0,7:06:00,19.9231
23.168364,113.39023999999999,3.0,8:00:00,19.9231
23.223223,113.295469,4.0,8:00:00,19.9231
22.525774,114.05568400000001,3.0,8:00:00,19.9231
22.66124,114.057298,3.0,8:00:00,19.9231
23.197384,113.39643899999999,3.0,8:00:00,19.9231
23.12836,113.615803,7.0,6:39:00,19.9231
23.12486,113.253212,4.0,8:00:00,19.9231
23.103519,113.37566299999999,3.0,8:00:00,19.9231
22.926225,113.34803500000001,5.0,7:24:00,19.9231
22.742155,113.813455,2.0,8:00:00,19.9231
22.566204,114.178992,3.0,8:00:00,19.9231
23.16291,113.227189,5.0,8:00:00,19.9231
22.721231,113.849567,3.0,8:00:00,19.9231
23.156647,113.267766,4.0,8:00:00,19.9231
23.113143,113.555107,1.0,7:12:00,19.9231
22.57103,114.063042,3.0,8:00:00,19.9231
22.735160999999998,114.30188899999999,7.0,7:27:00,19.9231
22.555127,113.908594,4.0,8:00:00,19.9231
23.184956,113.460672,3.0,8:00:00,19.9231
23.295999,113.845671,2.0,6:36:00,19.9231
23.270543,113.303712,4.0,8:00:00,19.9231
22.538329,113.924539,5.0,8:00:00,19.9231
22.642307000000002,114.029399,2.0,8:00:00,19.9231
23.01609,113.393033,3.0,8:00:00,19.9231
23.171037,113.385506,3.0,8:00:00,19.9231
22.800386,113.539775,14.0,6:33:00,19.9231
22.700297,113.80103899999999,2.0,7:33:00,19.9231
23.261004999999997,113.25646699999999,5.0,8:00:00,19.9231
23.091569,113.270582,4.0,8:00:00,19.9231
22.663852,114.130825,3.0,8:00:00,19.9231
22.779729999999997,113.915323,3.0,7:54:00,19.9231
22.756618,113.846842,3.0,8:00:00,19.9231
22.64224,113.86926399999999,3.0,8:00:00,19.9231
23.084661999999998,113.24740800000001,4.0,8:00:00,19.9231
22.584579,114.14588300000001,3.0,8:00:00,19.9231
22.787472,113.890185,2.0,7:57:00,19.9231
22.586445,113.960953,4.0,8:00:00,19.9231
22.678681,113.94495400000001,3.0,8:00:00,19.9231
23.248745,113.361607,4.0,8:00:00,19.9231
22.6972,113.799259,2.0,7:24:00,19.9231
23.09451,113.537448,2.0,7:15:00,19.9231
23.130577,113.386125,3.0,8:00:00,19.9231
22.954477999999998,113.37084899999999,3.0,7:39:00,19.9231
22.676292,113.828809,4.0,8:00:00,19.9231
22.784529,113.83450800000001,2.0,7:54:00,19.9231
22.655615,114.222082,6.0,8:00:00,19.9231
22.54097,114.08679,3.0,8:00:00,19.9231
22.938138000000002,113.36274099999999,3.0,7:30:00,19.9231
23.173079,113.24593300000001,5.0,8:00:00,19.9231
22.586528,113.948302,4.0,8:00:00,19.9231
22.762379,113.81701399999999,2.0,7:57:00,19.9231
22.810214000000002,113.868431,2.0,7:33:00,19.9231
22.597324,113.995329,3.0,8:00:00,19.9231
23.168041,113.390831,3.0,8:00:00,19.9231
23.190597,113.250874,4.0,8:00:00,19.9231
23.287881,113.835972,2.0,6:36:00,19.9231
22.677101,114.23088700000001,6.0,7:57:00,19.9231
23.108864,113.456471,3.0,8:00:00,19.9231
23.386228,113.233157,8.0,7:21:00,19.9231
23.042904,113.339694,4.0,8:00:00,19.9231
23.442247000000002,113.327238,4.0,6:57:00,19.9231
22.619962,114.04337199999999,2.0,8:00:00,19.9231
22.642208,113.86913999999999,3.0,8:00:00,19.9231
23.191428,113.253969,4.0,8:00:00,19.9231
22.68864,114.003932,2.0,8:00:00,19.9231
22.551636,114.125041,1.0,7:12:00,19.9231
23.124957000000002,113.28516200000001,1.0,8:00:00,19.9231
22.734044,113.812878,2.0,7:57:00,19.9231
22.736067000000002,113.911396,2.0,8:00:00,19.9231
22.759419,113.907008,3.0,8:00:00,19.9231
23.241216,113.281205,4.0,8:00:00,19.9231
22.690289,113.944985,3.0,8:00:00,19.9231
23.107343,113.284026,1.0,8:00:00,19.9231
23.470746,113.18634499999999,10.0,7:09:00,19.9231
23.238645,113.307791,4.0,8:00:00,19.9231
23.124216,113.258174,4.0,8:00:00,19.9231
23.229363,113.29191399999999,4.0,8:00:00,19.9231
22.548557000000002,113.940969,5.0,8:00:00,19.9231
23.162649,113.44031399999999,2.0,8:00:00,19.9231
23.204411999999998,113.372148,3.0,8:00:00,19.9231
23.110530999999998,113.300917,1.0,8:00:00,19.9231
22.553435999999998,114.005421,1.0,7:09:00,19.9231
23.124737,113.411019,3.0,8:00:00,19.9231
22.513896,113.934727,5.0,8:00:00,19.9231
23.11221,113.27101200000001,4.0,8:00:00,19.9231
22.567904000000002,114.179201,3.0,8:00:00,19.9231
23.14151,113.55066200000002,2.0,7:06:00,19.9231
22.579349,113.930947,4.0,8:00:00,19.9231
22.946099,113.40223200000001,3.0,7:30:00,19.9231
23.110309,113.42298500000001,3.0,8:00:00,19.9231
23.414427,113.717294,7.0,6:30:00,19.9231
22.607706,114.042056,2.0,8:00:00,19.9231
22.744411,114.027775,3.0,8:00:00,19.9231
22.658557000000002,114.013122,2.0,8:00:00,19.9231
23.176910999999997,113.24481200000001,1.0,7:48:00,19.9231
23.140153,113.23236000000001,5.0,8:00:00,19.9231
22.953789,113.35023999999999,3.0,7:36:00,19.9231
23.087559,113.330808,4.0,8:00:00,19.9231
23.150449,113.23436799999999,5.0,8:00:00,19.9231
23.075933,113.279275,4.0,8:00:00,19.9231
23.141710999999997,113.30011200000001,4.0,8:00:00,19.9231
22.743095999999998,113.85353799999999,3.0,8:00:00,19.9231
23.19419,113.34146499999999,4.0,8:00:00,19.9231
23.292706,113.302792,6.0,8:00:00,19.9231
22.669292000000002,114.021914,2.0,8:00:00,19.9231
22.645539000000003,114.04366100000001,2.0,8:00:00,19.9231
22.689654,114.089125,3.0,8:00:00,19.9231
23.197087,113.272624,4.0,8:00:00,19.9231
22.608404999999998,114.131808,3.0,8:00:00,19.9231
23.161889000000002,113.311327,4.0,8:00:00,19.9231
22.762261,113.80335600000001,2.0,7:48:00,19.9231
22.762335,113.932282,2.0,8:00:00,19.9231
23.197231,113.26548100000001,4.0,8:00:00,19.9231
22.796075,113.952992,3.0,7:09:00,19.9231
23.176051,113.664926,17.0,6:30:00,19.9231
23.147242000000002,113.349043,4.0,8:00:00,19.9231
23.143869,113.433006,3.0,8:00:00,19.9231
23.279898,113.30678799999998,4.0,8:00:00,19.9231
22.604255,113.88928500000002,4.0,8:00:00,19.9231
22.57019,114.503161,1.0,6:33:00,19.9231
23.067267,113.39914499999999,3.0,8:00:00,19.9231
22.697286,113.78860300000001,2.0,7:24:00,19.9231
22.753515,113.857615,3.0,8:00:00,19.9231
22.7529,113.792718,2.0,7:42:00,19.9231
22.967507,113.33830800000001,3.0,7:45:00,19.9231
23.063067,113.34653700000001,3.0,8:00:00,19.9231
22.694308,113.79899099999999,2.0,7:21:00,19.9231
22.807539000000002,113.892801,3.0,7:33:00,19.9231
23.137376,113.338695,4.0,8:00:00,19.9231
23.202991,113.374881,3.0,8:00:00,19.9231
23.116360999999998,113.226914,4.0,8:00:00,19.9231
22.501452,113.938755,5.0,8:00:00,19.9231
22.731251,114.100123,3.0,8:00:00,19.9231
22.736324,114.38671000000001,4.0,6:51:00,19.9231
23.47321,113.24958400000001,9.0,7:09:00,19.9231
23.089764000000002,113.30881299999999,4.0,8:00:00,19.9231
22.789134,113.38896399999999,24.0,6:36:00,19.9231
22.779628,113.914864,3.0,7:57:00,19.9231
22.69716,114.04723600000001,3.0,8:00:00,19.9231
23.355278,113.392335,3.0,7:09:00,19.9231
23.208776,113.334099,4.0,8:00:00,19.9231
23.389134,113.21684499999999,8.0,7:15:00,19.9231
23.138844,113.57996399999999,3.0,6:57:00,19.9231
23.047007,113.33785900000001,3.0,8:00:00,19.9231
23.202989000000002,113.26338100000001,1.0,7:42:00,19.9231
23.179264,113.71493500000001,11.0,6:33:00,19.9231
22.616995000000003,114.046901,1.0,7:21:00,19.9231
22.954901,113.379857,3.0,7:39:00,19.9231
22.682951,114.010378,2.0,8:00:00,19.9231
22.661587,114.074426,3.0,8:00:00,19.9231
22.568123999999997,114.04509099999999,2.0,8:00:00,19.9231
23.113131,113.449036,3.0,8:00:00,19.9231
22.585884,113.86968,4.0,8:00:00,19.9231
23.134618,113.38678300000001,3.0,8:00:00,19.9231
22.985367999999998,113.322854,4.0,8:00:00,19.9231
23.476614,113.239899,9.0,7:09:00,19.9231
22.580875,113.90731299999999,4.0,8:00:00,19.9231
23.124029999999998,113.25449499999999,4.0,8:00:00,19.9231
23.5314,113.592978,14.0,6:33:00,19.9231
22.70298,113.84263999999999,2.0,8:00:00,19.9231
22.643898,114.076399,3.0,8:00:00,19.9231
22.665129999999998,114.238248,7.0,7:48:00,19.9231
22.788478,113.889537,2.0,7:57:00,19.9231
23.169017999999998,113.38727,3.0,8:00:00,19.9231
22.708088,114.064351,3.0,8:00:00,19.9231
23.118132,113.36451100000001,3.0,8:00:00,19.9231
22.755773,113.912015,3.0,8:00:00,19.9231
22.616425,114.11835900000001,3.0,8:00:00,19.9231
22.590953,113.95701299999999,4.0,8:00:00,19.9231
23.30995,113.237874,7.0,7:42:00,19.9231
22.678822,114.03468500000001,3.0,8:00:00,19.9231
22.524293,113.94936299999999,4.0,8:00:00,19.9231
22.695135999999998,113.948254,3.0,8:00:00,19.9231
23.474501,113.238583,9.0,7:09:00,19.9231
22.566470000000002,114.11071899999999,3.0,8:00:00,19.9231
23.27411,113.32869,4.0,8:00:00,19.9231
22.725041,114.29977099999999,7.0,7:30:00,19.9231
22.964123,113.283207,3.0,7:45:00,19.9231
22.659686999999998,114.00843300000001,2.0,8:00:00,19.9231
22.946645999999998,113.36474199999999,3.0,7:30:00,19.9231
23.11545,113.418224,1.0,7:30:00,19.9231
22.695095000000002,113.81539199999999,2.0,7:39:00,19.9231
22.770166,113.850591,3.0,8:00:00,19.9231
23.137148999999997,113.279169,4.0,8:00:00,19.9231
22.566717,113.92653600000001,5.0,8:00:00,19.9231
22.940616000000002,113.360372,3.0,7:30:00,19.9231
22.498770999999998,113.895248,5.0,8:00:00,19.9231
22.77798,114.081248,6.0,6:54:00,19.9231
23.000144,113.91973999999999,7.0,7:15:00,19.9231
22.805936,113.741026,2.0,7:21:00,19.9231
22.743062,114.118197,4.0,7:39:00,19.9231
22.903223999999998,113.816181,6.0,6:57:00,19.9231
22.804772,113.74753,2.0,7:24:00,19.9231
22.969322000000002,113.70557,7.0,7:54:00,19.9231
22.979086,113.982372,4.0,7:18:00,19.9231
22.803660999999998,113.812394,2.0,7:33:00,19.9231
23.022548,113.928423,7.0,7:06:00,19.9231
22.823812,113.79976699999999,2.0,7:15:00,19.9231
22.77245,114.067428,5.0,7:00:00,19.9231
22.938264999999998,113.62548899999999,5.0,7:00:00,19.9231
22.778125,113.75186299999999,2.0,7:42:00,19.9231
22.802223,114.102635,6.0,6:48:00,19.9231
22.925,113.63169099999999,5.0,7:09:00,19.9231
22.841604999999998,114.090852,6.0,6:54:00,19.9231
22.891166000000002,113.82676699999999,4.0,7:09:00,19.9231
22.700646,114.16965,4.0,8:00:00,19.9231
22.95593,113.66248600000002,5.0,7:27:00,19.9231
22.954645000000003,113.91110800000001,6.0,7:09:00,19.9231
22.795295,113.76069199999999,2.0,7:36:00,19.9231
23.083141,113.767028,10.0,7:36:00,19.9231
23.101657,113.87452900000001,12.0,7:09:00,19.9231
22.926463000000002,114.037365,5.0,7:03:00,19.9231
22.93,113.83729299999999,9.0,7:00:00,19.9231
22.877114000000002,114.095352,7.0,6:57:00,19.9231
22.709582,114.17766599999999,4.0,8:00:00,19.9231
22.886224,114.007398,6.0,7:00:00,19.9231
23.003847,113.784079,10.0,7:42:00,19.9231
22.993739,113.87697,12.0,7:12:00,19.9231
22.815683,113.68283899999999,2.0,6:54:00,19.9231
22.879447,113.82491200000001,3.0,7:09:00,19.9231
23.114369,113.831847,9.0,7:27:00,19.9231
22.980098,113.86381000000002,9.0,7:27:00,19.9231
23.059838,113.771276,10.0,7:39:00,19.9231
23.036206,113.77280400000001,10.0,7:45:00,19.9231
22.822065,114.18999299999999,9.0,6:48:00,19.9231
22.786421,113.740693,2.0,7:30:00,19.9231
23.020809,113.949274,5.0,7:12:00,19.9231
22.994115,113.992473,5.0,7:06:00,19.9231
23.009598999999998,113.70680800000001,7.0,7:51:00,19.9231
23.076711,113.969625,5.0,6:57:00,19.9231
22.809754,114.08116399999999,7.0,6:45:00,19.9231
22.944554,113.866188,10.0,7:00:00,19.9231
22.811167,113.72446699999999,2.0,7:09:00,19.9231
22.826964,114.10858700000001,6.0,6:51:00,19.9231
22.780789000000002,114.118719,6.0,6:45:00,19.9231
22.822233999999998,113.755233,2.0,7:21:00,19.9231
22.764935,114.084304,5.0,7:15:00,19.9231
22.80565,113.740898,2.0,7:21:00,19.9231
23.037027,113.79748700000002,9.0,7:54:00,19.9231
23.020851999999998,113.98448400000001,5.0,7:12:00,19.9231
22.915173,113.980395,5.0,7:09:00,19.9231
22.935573,113.63646899999999,5.0,7:12:00,19.9231
22.768697,113.79891200000002,2.0,7:39:00,19.9231
23.031772,114.092653,4.0,6:51:00,19.9231
22.976751,113.76021200000001,9.0,7:54:00,19.9231
22.954992999999998,113.91126399999999,6.0,7:09:00,19.9231
22.813272,114.09022900000001,6.0,6:48:00,19.9231
22.937475,113.712295,8.0,7:24:00,19.9231
23.106108,113.97323999999999,6.0,6:42:00,19.9231
22.897119,113.852208,5.0,7:03:00,19.9231
22.768174,113.799205,2.0,7:39:00,19.9231
22.770692,113.78921499999998,2.0,7:42:00,19.9231
22.959629999999997,113.700828,6.0,7:45:00,19.9231
22.733944,114.11654399999999,4.0,7:51:00,19.9231
22.814651,113.793246,2.0,7:21:00,19.9231
22.840164,114.20016799999999,8.0,6:42:00,19.9231
23.041114999999998,114.01383600000001,5.0,6:57:00,19.9231
22.954792,113.920758,5.0,7:15:00,19.9231
23.052802,113.75171,9.0,7:48:00,19.9231
22.832463,113.680066,2.0,6:54:00,19.9231
22.900153,113.863877,5.0,6:57:00,19.9231
23.12442,113.885572,13.0,6:57:00,19.9231
22.775498000000002,113.75773400000001,2.0,7:45:00,19.9231
22.806587,113.837543,3.0,7:39:00,19.9231
22.829263,113.812398,2.0,7:24:00,19.9231
22.92664,113.983376,4.0,7:09:00,19.9231
22.732519,114.13531299999998,4.0,7:51:00,19.9231
23.055013,113.744351,8.0,7:51:00,19.9231
22.799160999999998,114.08238899999999,6.0,6:48:00,19.9231
22.93524,113.712423,8.0,7:24:00,19.9231
23.023463,113.74724599999999,8.0,8:00:00,19.9231
23.035179,113.799057,9.0,7:54:00,19.9231
23.06617,113.718616,8.0,7:36:00,19.9231
22.729495,114.204233,7.0,7:39:00,19.9231
22.91217,113.62171599999999,5.0,7:03:00,19.9231
23.112146,113.79086000000001,10.0,7:27:00,19.9231
22.831608,114.11340200000001,6.0,6:45:00,19.9231
22.997915,113.897973,11.0,7:03:00,19.9231
22.739625,114.161596,6.0,7:15:00,19.9231
23.104526999999997,113.867865,9.0,7:18:00,19.9231
23.044151,113.780224,10.0,7:39:00,19.9231
22.825356,113.73625700000001,2.0,7:15:00,19.9231
22.985615,113.95399599999999,5.0,7:15:00,19.9231
22.972278,114.03542900000001,5.0,7:03:00,19.9231
22.898636,113.92308799999999,4.0,7:12:00,19.9231
23.046573000000002,113.786543,9.0,7:48:00,19.9231
23.010499,114.02241599999999,5.0,7:06:00,19.9231
23.012182,113.71556000000001,7.0,8:00:00,19.9231
23.032352,113.885701,11.0,7:12:00,19.9231
22.852086,113.72698000000001,2.0,7:15:00,19.9231
23.011314000000002,114.10210900000001,6.0,6:48:00,19.9231
22.961579,113.67718,5.0,7:39:00,19.9231
22.974823999999998,113.988868,4.0,7:09:00,19.9231
22.926663,113.93544399999999,5.0,7:09:00,19.9231
22.954846,113.935392,5.0,7:12:00,19.9231
22.799794,113.67303999999999,2.0,6:54:00,19.9231
22.961275,113.88979199999999,9.0,7:00:00,19.9231
23.055543,113.54886200000001,2.0,7:12:00,19.9231
23.037388,113.784323,10.0,7:45:00,19.9231
23.074947,113.696184,7.0,7:30:00,19.9231
22.801112,114.072281,6.0,6:48:00,19.9231
22.814671,113.795105,2.0,7:21:00,19.9231
23.092249,113.82953,9.0,7:36:00,19.9231
23.093876,113.784144,10.0,7:30:00,19.9231
23.027348999999997,114.05203,4.0,6:51:00,19.9231
23.070079,113.878506,12.0,7:06:00,19.9231
22.771301,113.79212,2.0,7:42:00,19.9231
22.895069,113.634534,5.0,7:06:00,19.9231
22.960469,114.04255,4.0,7:03:00,19.9231
22.905706,113.81943600000001,6.0,6:57:00,19.9231
22.984607999999998,113.95564399999999,5.0,7:15:00,19.9231
22.811372,113.796521,2.0,7:18:00,19.9231
22.953944,113.97726100000001,4.0,7:12:00,19.9231
22.998147,113.92358600000001,7.0,7:15:00,19.9231
22.932349,113.87006399999999,9.0,6:54:00,19.9231
22.917688000000002,114.090245,4.0,7:06:00,19.9231
22.920828,113.66776100000001,5.0,7:21:00,19.9231
22.815166,114.16122,8.0,6:42:00,19.9231
22.813131,113.693021,2.0,6:54:00,19.9231
22.772376,114.07461,6.0,7:00:00,19.9231
23.039386999999998,113.749698,9.0,7:48:00,19.9231
22.849592,113.70995400000001,2.0,7:06:00,19.9231
23.013723000000002,113.76786100000001,9.0,7:51:00,19.9231
22.913478,114.00721499999999,5.0,7:03:00,19.9231
22.813916,113.81585,2.0,7:36:00,19.9231
23.091486,113.733677,8.0,7:33:00,19.9231
23.018409,113.931099,7.0,7:12:00,19.9231
23.061404,113.745668,9.0,7:45:00,19.9231
22.857311,114.16751000000001,6.0,6:42:00,19.9231
22.745632,114.132189,4.0,7:30:00,19.9231
23.039652,113.79375700000001,9.0,7:48:00,19.9231
22.821741,113.796559,2.0,7:18:00,19.9231
22.996230999999998,113.842775,8.0,7:39:00,19.9231
22.849609,113.63510500000001,3.0,6:54:00,19.9231
22.845934,113.677471,2.0,7:03:00,19.9231
22.921877,113.97055900000001,4.0,7:09:00,19.9231
22.797837,113.7765,2.0,7:33:00,19.9231
23.047683,113.965833,4.0,7:09:00,19.9231
22.799248000000002,113.734852,2.0,7:18:00,19.9231
22.828959,114.21906499999999,9.0,6:54:00,19.9231
22.988497,114.020475,5.0,7:03:00,19.9231
23.031403,113.99833600000001,5.0,7:00:00,19.9231
22.747349,114.11388999999998,4.0,7:39:00,19.9231
23.028009,113.92496299999999,7.0,7:09:00,19.9231
22.823346,114.190013,9.0,6:48:00,19.9231
22.979523,113.868991,11.0,7:18:00,19.9231
22.926757000000002,113.931721,5.0,7:06:00,19.9231
22.778333,114.041517,4.0,7:06:00,19.9231
23.041145999999998,113.79338700000001,9.0,7:48:00,19.9231
22.861333,112.713124,9.0,6:30:00,19.9231
22.862543,113.14044299999999,9.0,6:45:00,19.9231
23.097502,112.98328899999998,8.0,6:51:00,19.9231
23.206301,113.090166,8.0,6:48:00,19.9231
22.783929,113.280208,28.0,6:39:00,19.9231
23.176257,112.84428999999999,5.0,6:42:00,19.9231
23.044895999999998,113.13424499999999,8.0,8:00:00,19.9231
23.028507,113.205598,6.0,8:00:00,19.9231
22.95841,113.083468,7.0,8:00:00,19.9231
22.870735,113.070645,8.0,6:51:00,19.9231
23.031824,113.131483,1.0,6:36:00,19.9231
23.199288,112.862711,7.0,6:39:00,19.9231
23.044966,113.070853,8.0,8:00:00,19.9231
22.828449,113.186879,20.0,6:39:00,19.9231
22.957645,113.046727,1.0,6:33:00,19.9231
22.90844,113.084222,9.0,7:09:00,19.9231
22.851031,113.20891599999999,18.0,6:48:00,19.9231
22.945842000000003,112.99248500000002,9.0,6:54:00,19.9231
22.886559,112.815505,25.0,6:33:00,19.9231
22.865052,113.012977,3.0,6:51:00,19.9231
23.218288,113.124721,5.0,6:45:00,19.9231
22.924001999999998,113.078846,9.0,7:24:00,19.9231
23.10474,113.18596200000002,5.0,8:00:00,19.9231
23.064156,113.13263500000001,8.0,8:00:00,19.9231
22.946046,113.09337099999999,8.0,8:00:00,19.9231
23.018008,112.928569,6.0,6:42:00,19.9231
23.062639,113.08575400000001,8.0,8:00:00,19.9231
23.081462,112.96396299999999,7.0,6:51:00,19.9231
23.158548,113.097191,8.0,7:00:00,19.9231
22.890848000000002,112.90803500000001,14.0,6:36:00,19.9231
22.910516,113.222848,13.0,7:03:00,19.9231
22.837338,113.269796,22.0,6:42:00,19.9231
23.217125,113.193624,5.0,8:00:00,19.9231
23.035598,113.072124,8.0,8:00:00,19.9231
23.131878,113.15231399999999,6.0,8:00:00,19.9231
22.950557999999997,113.200507,8.0,7:48:00,19.9231
22.746692000000003,113.269884,21.0,6:48:00,19.9231
23.20048,113.126703,6.0,6:51:00,19.9231
22.811849,113.14518100000001,9.0,6:45:00,19.9231
23.054558,113.077375,8.0,8:00:00,19.9231
23.187784,113.17170300000001,5.0,8:00:00,19.9231
22.976627,113.22483899999999,4.0,8:00:00,19.9231
23.045332000000002,113.17738700000001,5.0,8:00:00,19.9231
22.861972,113.174019,14.0,6:45:00,19.9231
23.176661,113.01038899999999,10.0,6:36:00,19.9231
23.029895,113.18301000000001,7.0,8:00:00,19.9231
23.031897,113.198752,5.0,8:00:00,19.9231
23.063001,112.952244,5.0,6:48:00,19.9231
23.038439999999998,113.124528,8.0,8:00:00,19.9231
23.242116,113.113577,9.0,6:33:00,19.9231
23.1013,113.185484,5.0,8:00:00,19.9231
23.11445,113.186448,5.0,8:00:00,19.9231
23.068396,113.18246,5.0,8:00:00,19.9231
23.039637,113.11353500000001,1.0,6:36:00,19.9231
22.966175,113.092774,8.0,8:00:00,19.9231
22.849746,113.011734,3.0,6:45:00,19.9231
23.091763,113.003852,8.0,6:54:00,19.9231
23.067007999999998,112.967578,6.0,6:51:00,19.9231
22.905480999999998,113.09496000000001,9.0,7:03:00,19.9231
22.922027,113.22958999999999,13.0,7:00:00,19.9231
22.77301,113.262919,23.0,6:45:00,19.9231
22.896957999999998,113.04681699999999,9.0,6:54:00,19.9231
22.873854,113.08045800000001,8.0,6:51:00,19.9231
23.09287,113.196772,5.0,8:00:00,19.9231
22.833412,113.222219,22.0,6:42:00,19.9231
23.187310999999998,113.15181000000001,7.0,7:27:00,19.9231
23.181887,112.963401,5.0,6:45:00,19.9231
22.918387,113.083775,10.0,7:18:00,19.9231
23.041151,113.116029,8.0,8:00:00,19.9231
23.028548999999998,113.108267,8.0,8:00:00,19.9231
23.140438,113.029602,10.0,6:48:00,19.9231
23.03649,113.151936,7.0,8:00:00,19.9231
23.049063,113.162249,6.0,8:00:00,19.9231
23.256482000000002,113.15793400000001,6.0,7:00:00,19.9231
23.024469,113.12324199999999,8.0,8:00:00,19.9231
22.787910999999998,113.123442,11.0,6:39:00,19.9231
23.089051,112.953818,6.0,6:48:00,19.9231
22.882888,113.07976599999999,7.0,6:54:00,19.9231
23.181886,112.960073,5.0,6:45:00,19.9231
22.875004,112.960342,4.0,6:42:00,19.9231
22.841984,112.62374299999999,7.0,6:30:00,19.9231
23.146479,113.16745,5.0,8:00:00,19.9231
23.025707,113.20128700000001,7.0,8:00:00,19.9231
23.159015,113.175273,5.0,8:00:00,19.9231
23.078122,113.106922,8.0,8:00:00,19.9231
22.992380999999998,113.20544299999999,6.0,8:00:00,19.9231
22.907445000000003,113.166922,13.0,7:03:00,19.9231
23.279771,112.95281999999999,7.0,6:30:00,19.9231
23.047825,112.892575,5.0,6:36:00,19.9231
23.032175,113.058428,8.0,8:00:00,19.9231
23.146420000000003,112.964127,6.0,6:51:00,19.9231
23.119823,113.20946299999999,5.0,8:00:00,19.9231
22.841116,114.108676,6.0,6:51:00,19.5432
22.925371,112.924259,13.0,6:39:00,19.5432
23.001247,113.07296699999999,8.0,8:00:00,19.5432
23.037019,113.134502,8.0,8:00:00,19.5432
22.547082999999997,113.96373700000001,4.0,8:00:00,18.5175
22.623677,114.117077,3.0,8:00:00,18.3667
22.519363000000002,113.920024,4.0,8:00:00,18.261
23.585306,113.524752,11.0,6:51:00,17.9308
23.1972,113.341247,4.0,8:00:00,17.9066
23.264825,113.78339,2.0,6:54:00,17.8619
23.378745000000002,113.451695,3.0,7:06:00,17.6769
23.235479,113.310501,4.0,8:00:00,17.4307
22.989233,114.01556299999999,5.0,8:00:00,17.3502
22.840749,113.71392800000001,2.0,8:00:00,16.6889
23.019999,113.304801,4.0,8:00:00,15.8772
22.771888,114.08736599999999,5.0,8:00:00,15.8198
23.114535,113.359365,1.0,8:00:00,15.7373
23.113707,113.194624,5.0,8:00:00,15.1603
22.620784,114.14239599999999,3.0,8:00:00,14.888
23.233479,113.273647,4.0,8:00:00,13.9462
23.165246,113.229868,4.0,8:00:00,13.5709
22.947582999999998,113.155394,7.0,8:00:00,13.1511
23.552925,113.59388,11.0,6:57:00,13.0081
23.006204999999998,113.125956,6.0,8:00:00,12.9003
23.109573,113.189996,4.0,8:00:00,12.2308
23.103535,113.23946699999999,3.0,8:00:00,11.5443
23.115734,113.28456499999999,3.0,8:00:00,11.5341
22.662717,113.868257,3.0,8:00:00,11.4122
22.715165,114.16351,3.0,8:00:00,11.3608
22.711769,114.233943,5.0,8:00:00,11.0655
23.179126999999998,113.232607,3.0,8:00:00,10.9577
22.959082000000002,113.688505,4.0,8:00:00,10.8986
23.046120000000002,113.77028999999999,7.0,8:00:00,10.2849
23.179389999999998,113.232624,3.0,8:00:00,9.9616
22.677595999999998,113.943079,1.0,6:54:00,8.9832
23.11535,113.287375,2.0,8:00:00,8.0595
23.138009,113.33994799999999,3.0,8:00:00,8.0586
22.648431,114.025186,1.0,8:00:00,7.7362
23.189477,112.9031,3.0,7:00:00,7.5925
23.346159,113.291179,3.0,8:00:00,7.5268
22.934163,113.661179,4.0,8:00:00,7.4288
23.197974,113.362159,2.0,8:00:00,7.4166
23.207299,113.219847,3.0,8:00:00,6.4138
22.732854999999997,113.913579,1.0,8:00:00,6.3409
23.095291,113.268316,2.0,8:00:00,6.0877
22.751659,113.79821499999998,1.0,8:00:00,5.9769
23.005873,113.94186299999998,3.0,8:00:00,5.9769
23.132753,113.389921,2.0,8:00:00,5.6317
22.541892999999998,114.10476899999999,2.0,8:00:00,5.6198
22.783063000000002,113.883553,1.0,8:00:00,5.5463
22.801885000000002,113.80919399999999,1.0,8:00:00,5.4222
23.140609,113.27663799999999,2.0,8:00:00,4.9808
22.736689000000002,114.01450700000001,1.0,8:00:00,4.8502
23.114157000000002,113.86151699999999,4.0,8:00:00,4.7742
23.076772000000002,113.285325,2.0,8:00:00,4.6652
23.185425,113.328208,2.0,8:00:00,4.2748
23.081575,113.255523,2.0,8:00:00,4.2743
22.9547,113.380502,1.0,8:00:00,4.2255
22.838986,113.19525,10.0,7:21:00,4.2092
23.235565,113.31333799999999,2.0,8:00:00,4.1743
23.114962,113.55064399999999,1.0,7:57:00,4.1494
22.616369,114.169655,2.0,8:00:00,4.0
22.943723000000002,113.092554,3.0,8:00:00,4.0
23.136097,113.39152299999999,1.0,8:00:00,3.9846
23.081941,113.34014499999999,2.0,8:00:00,3.9846
22.688487,113.95085700000001,1.0,8:00:00,3.9846
22.538541,114.017808,1.0,8:00:00,3.9846
23.151366,113.33294,2.0,8:00:00,3.9846
22.981142000000002,113.31948200000001,2.0,8:00:00,3.9846
22.642198,114.057303,1.0,8:00:00,3.9846
23.202876999999997,113.22400400000001,2.0,8:00:00,3.9846
23.135026999999997,113.391975,1.0,8:00:00,3.9846
23.093529999999998,113.97741,2.0,8:00:00,3.9846
22.900134,112.901647,6.0,6:51:00,3.9846
22.99176,113.88425900000001,5.0,8:00:00,3.8779
22.594962,114.131239,1.0,8:00:00,3.7533
22.691853,113.793094,1.0,8:00:00,3.4315
22.567707000000002,114.119228,1.0,8:00:00,3.1214
23.114022,113.287397,1.0,8:00:00,3.0446
23.12621,113.26443700000002,1.0,8:00:00,2.1046
23.262857,113.362453,1.0,8:00:00,2.1046
23.1394,113.32956399999999,1.0,8:00:00,2.0332
22.653325,114.055072,1.0,8:00:00,2.0
23.150466,113.2571,1.0,8:00:00,2.0
23.142575,113.459695,1.0,8:00:00,2.0
22.666216,113.870892,1.0,8:00:00,2.0
22.591455,113.85078,2.0,8:00:00,2.0
22.557764000000002,114.053106,1.0,8:00:00,2.0
23.176335,113.27851399999999,1.0,8:00:00,2.0
23.046553,113.380583,1.0,8:00:00,2.0
22.567335,114.04992800000001,1.0,8:00:00,2.0
22.595979999999997,114.12226100000001,1.0,8:00:00,2.0
22.604491,113.88464599999999,1.0,8:00:00,2.0
22.546566000000002,113.91915800000001,1.0,8:00:00,2.0
23.119892999999998,113.37903899999999,1.0,8:00:00,2.0
23.027139000000002,113.32524099999999,1.0,8:00:00,2.0
22.762004,113.884499,1.0,8:00:00,2.0
22.719648,114.217649,2.0,8:00:00,2.0
23.178014,113.27132399999999,1.0,8:00:00,2.0
22.740831,113.830542,1.0,8:00:00,2.0
22.640204,114.19103999999999,2.0,8:00:00,2.0
22.735581,114.021474,1.0,8:00:00,2.0
22.678720000000002,114.00856,1.0,8:00:00,2.0
22.682929,114.375702,1.0,7:45:00,2.0
23.254538,113.280497,1.0,8:00:00,2.0
22.643088,114.077496,1.0,8:00:00,2.0
23.32926,113.23561399999998,2.0,8:00:00,2.0
23.113186,113.456276,1.0,8:00:00,2.0
22.692526,113.808621,1.0,8:00:00,2.0
22.692010999999997,113.935795,1.0,8:00:00,2.0
22.877694,113.313253,4.0,8:00:00,2.0
22.95994,113.346143,1.0,8:00:00,2.0
22.676616,114.01923799999999,1.0,8:00:00,2.0
23.367849,113.37240600000001,1.0,8:00:00,2.0
22.696592000000003,114.08052099999999,1.0,8:00:00,2.0
22.688898000000002,113.941172,1.0,8:00:00,2.0
23.129741,113.46665700000001,1.0,8:00:00,2.0
22.753612,114.38712199999999,2.0,8:00:00,2.0
22.648044,113.84136799999999,1.0,8:00:00,2.0
23.09828,113.326104,1.0,8:00:00,2.0
22.590931,113.87206200000001,1.0,8:00:00,2.0
23.292381,113.84048700000001,1.0,6:54:00,2.0
23.2046,113.43234299999999,1.0,8:00:00,2.0
22.761395999999998,114.370497,2.0,7:57:00,2.0
23.126289,113.42732,1.0,8:00:00,2.0
22.614869,114.122876,1.0,8:00:00,2.0
22.758745,114.25131,2.0,8:00:00,2.0
23.198481,113.410804,1.0,8:00:00,2.0
22.762562,113.829352,1.0,8:00:00,2.0
23.5633,113.475857,1.0,6:36:00,2.0
22.55392,114.096056,1.0,8:00:00,2.0
22.571959,114.061668,1.0,8:00:00,2.0
23.136125,113.260912,1.0,8:00:00,2.0
22.966192000000003,114.139648,2.0,6:57:00,2.0
22.981998,114.00227199999999,1.0,8:00:00,2.0
23.11394,113.84069099999999,3.0,8:00:00,2.0
23.061539,113.819426,3.0,8:00:00,2.0
23.046685,113.787325,3.0,8:00:00,2.0
23.039433,113.973821,2.0,8:00:00,2.0
22.948656,113.857529,3.0,8:00:00,2.0
23.120339,113.823403,3.0,8:00:00,2.0
22.937492000000002,113.67509199999999,2.0,8:00:00,2.0
22.986327,113.912095,2.0,8:00:00,2.0
23.115301000000002,113.762285,3.0,8:00:00,2.0
22.820322,113.985404,1.0,8:00:00,2.0
22.83517,114.198,2.0,7:45:00,2.0
23.076061,113.733896,3.0,8:00:00,2.0
23.066181,114.02286699999999,1.0,8:00:00,2.0
22.922345999999997,113.928126,2.0,8:00:00,2.0
23.049183,113.780553,3.0,8:00:00,2.0
23.027713000000002,114.03121499999999,2.0,8:00:00,2.0
22.785018,113.787249,1.0,8:00:00,2.0
22.928182999999997,113.739975,2.0,8:00:00,2.0
22.808677,114.14748999999999,2.0,8:00:00,2.0
23.058885999999998,113.791876,3.0,8:00:00,2.0
22.862789000000003,114.12038600000001,2.0,8:00:00,2.0
22.827092999999998,113.69158600000002,1.0,8:00:00,2.0
22.814335999999997,113.68044099999999,1.0,8:00:00,2.0
23.01484,113.93351799999999,2.0,8:00:00,2.0
22.79587,113.796218,1.0,8:00:00,2.0
23.181584,113.211855,1.0,8:00:00,2.0
22.825403,113.274805,8.0,7:12:00,2.0
23.033969,113.0551,3.0,8:00:00,2.0
23.042645999999998,113.15652,2.0,8:00:00,2.0
22.849891,113.264191,5.0,7:39:00,2.0
22.777089,113.253881,9.0,7:15:00,2.0
23.081293,113.18356299999999,2.0,8:00:00,2.0
22.953825,113.083441,2.0,8:00:00,2.0
23.116301,112.86928200000001,1.0,7:21:00,2.0
23.064088,113.11191399999998,3.0,8:00:00,2.0
22.894358999999998,112.88460500000001,5.0,6:51:00,2.0
23.12433,113.10948300000001,2.0,8:00:00,2.0
23.184704,112.86816999999999,1.0,7:06:00,2.0
22.837311,113.257526,7.0,7:24:00,2.0
22.788347,113.820687,1.0,8:00:00,1.9923
22.642329,113.94091399999999,1.0,8:00:00,1.9923
22.550191,114.04575600000001,1.0,8:00:00,1.9923
23.165025,113.494401,1.0,8:00:00,1.9923
22.648168,113.934028,1.0,8:00:00,1.9923
23.175625,113.472175,1.0,8:00:00,1.9923
22.669112,114.136192,1.0,8:00:00,1.9923
23.268087,113.301635,1.0,8:00:00,1.9923
23.088394,113.33006100000001,1.0,8:00:00,1.9923
23.077559,113.26935900000001,1.0,8:00:00,1.9923
23.042548,113.281709,1.0,8:00:00,1.9923
23.128426,113.60633600000001,2.0,7:27:00,1.9923
22.743525,114.01973600000001,1.0,8:00:00,1.9923
22.735774,113.8453,1.0,8:00:00,1.9923
22.677719,114.31940800000001,2.0,8:00:00,1.9923
23.045783,113.31895700000001,1.0,8:00:00,1.9923
23.13433,113.32526100000001,1.0,8:00:00,1.9923
23.092579,113.326677,1.0,8:00:00,1.9923
22.762143,113.80874299999999,1.0,8:00:00,1.9923
23.080988,113.33910900000001,1.0,8:00:00,1.9923
22.810679,113.84865900000001,1.0,8:00:00,1.9923
22.615443,114.125244,1.0,8:00:00,1.9923
23.145345000000002,113.324224,1.0,8:00:00,1.9923
22.668722,114.03151499999998,1.0,8:00:00,1.9923
23.119504,113.34438,1.0,8:00:00,1.9923
23.132648,113.437797,1.0,8:00:00,1.9923
23.047881,113.453861,1.0,8:00:00,1.9923
23.200882,113.267982,1.0,8:00:00,1.9923
22.721676000000002,113.921097,1.0,8:00:00,1.9923
22.701442999999998,114.34733200000001,2.0,8:00:00,1.9923
22.609817,114.13073200000001,1.0,8:00:00,1.9923
23.171964000000003,113.496133,1.0,8:00:00,1.9923
23.02919,113.331874,1.0,8:00:00,1.9923
23.152881,113.369335,1.0,8:00:00,1.9923
23.396451000000003,113.215319,3.0,8:00:00,1.9923
22.67529,114.026051,1.0,8:00:00,1.9923
22.800291,113.915077,1.0,8:00:00,1.9923
22.555842000000002,114.13138899999998,1.0,8:00:00,1.9923
23.124553,113.32784099999999,1.0,8:00:00,1.9923
22.743681,113.83807900000001,1.0,8:00:00,1.9923
23.149271,113.29508899999999,1.0,8:00:00,1.9923
23.299863000000002,113.35163999999999,2.0,8:00:00,1.9923
23.146261,113.227406,2.0,8:00:00,1.9923
23.203257999999998,113.22965500000001,1.0,8:00:00,1.9923
22.803577999999998,113.88048,1.0,8:00:00,1.9923
22.741117000000003,114.04134199999999,1.0,8:00:00,1.9923
23.209231,113.55548700000001,1.0,7:36:00,1.9923
23.238443,113.285521,1.0,8:00:00,1.9923
22.921528,113.37898,2.0,8:00:00,1.9923
22.69373,114.057432,1.0,8:00:00,1.9923
23.25202,113.264606,1.0,8:00:00,1.9923
23.215301999999998,113.336174,1.0,8:00:00,1.9923
22.701362,114.00043899999999,1.0,8:00:00,1.9923
23.096097,113.381176,1.0,8:00:00,1.9923
23.366579,113.399901,2.0,7:48:00,1.9923
23.108882,113.57836299999998,1.0,7:45:00,1.9923
22.921637,113.378999,2.0,8:00:00,1.9923
22.696556,113.845161,1.0,8:00:00,1.9923
22.494063,113.939516,1.0,8:00:00,1.9923
23.147686,113.255173,1.0,8:00:00,1.9923
23.014966,113.330859,1.0,8:00:00,1.9923
23.152359,113.235196,2.0,8:00:00,1.9923
23.199756,113.22768899999998,1.0,8:00:00,1.9923
22.619811,113.849949,2.0,8:00:00,1.9923
22.726269,113.920876,1.0,8:00:00,1.9923
22.685402,113.988473,1.0,8:00:00,1.9923
22.74019,113.92159699999999,1.0,8:00:00,1.9923
23.081526,113.21900500000001,1.0,8:00:00,1.9923
23.209195,113.247869,1.0,8:00:00,1.9923
22.595645,113.86796100000001,1.0,8:00:00,1.9923
23.101793,113.333964,1.0,8:00:00,1.9923
22.759714000000002,113.904866,1.0,8:00:00,1.9923
22.804594,113.880702,1.0,8:00:00,1.9923
22.955161,113.461607,2.0,7:33:00,1.9923
22.943258,113.41296799999999,1.0,8:00:00,1.9923
23.392431,113.226045,3.0,8:00:00,1.9923
23.26303,113.24348799999999,2.0,8:00:00,1.9923
23.273877,113.247424,2.0,8:00:00,1.9923
22.693583,114.36275400000001,1.0,8:00:00,1.9923
23.099167,113.26216200000002,1.0,8:00:00,1.9923
23.120488,113.37123799999999,1.0,8:00:00,1.9923
23.048057999999997,113.38718899999999,1.0,8:00:00,1.9923
23.029619,113.31778700000001,1.0,8:00:00,1.9923
22.652855,114.05538100000001,1.0,8:00:00,1.9923
23.392352,113.219908,3.0,8:00:00,1.9923
22.751922,113.57805800000001,3.0,6:51:00,1.9923
22.697844,113.81598500000001,1.0,8:00:00,1.9923
22.721198,114.077826,1.0,8:00:00,1.9923
22.527525,113.933356,1.0,8:00:00,1.9923
22.622626,114.1638,1.0,8:00:00,1.9923
23.166063,113.242496,2.0,8:00:00,1.9923
23.469043,113.16289599999999,3.0,7:45:00,1.9923
22.546174,113.976207,1.0,8:00:00,1.9923
22.540824,113.92263899999999,1.0,8:00:00,1.9923
22.671491,113.920377,1.0,8:00:00,1.9923
22.730032,114.065075,1.0,8:00:00,1.9923
22.803059,113.881091,1.0,8:00:00,1.9923
22.582286,113.88984199999999,1.0,8:00:00,1.9923
22.892953,113.410004,2.0,7:54:00,1.9923
22.537432,113.926899,1.0,8:00:00,1.9923
23.155817000000003,113.37896599999999,1.0,8:00:00,1.9923
22.568373,114.10263300000001,1.0,8:00:00,1.9923
23.100669,113.350425,1.0,8:00:00,1.9923
23.112882,113.229895,1.0,8:00:00,1.9923
22.956544,113.411829,1.0,8:00:00,1.9923
22.808094,113.897042,1.0,8:00:00,1.9923
23.110039,113.473598,1.0,8:00:00,1.9923
22.699153,113.945862,1.0,8:00:00,1.9923
23.167896,113.390573,1.0,8:00:00,1.9923
22.622822,114.031131,1.0,8:00:00,1.9923
23.374725,113.210067,3.0,8:00:00,1.9923
22.978270000000002,113.35543,1.0,8:00:00,1.9923
23.466244,113.36888300000001,1.0,7:00:00,1.9923
22.545679,114.133723,1.0,8:00:00,1.9923
22.613007,114.129267,1.0,8:00:00,1.9923
22.964789,113.431002,1.0,8:00:00,1.9923
22.996967,113.355869,1.0,8:00:00,1.9923
22.562913,114.10598300000001,1.0,8:00:00,1.9923
22.593345000000003,113.99038200000001,1.0,8:00:00,1.9923
22.667422,114.00305,1.0,8:00:00,1.9923
23.06335,113.316799,1.0,8:00:00,1.9923
23.058123000000002,113.20989399999999,1.0,8:00:00,1.9923
23.141363000000002,113.27571499999999,1.0,8:00:00,1.9923
23.339706,113.30541699999999,2.0,8:00:00,1.9923
22.654059,114.040726,1.0,8:00:00,1.9923
23.214378,113.28693600000001,1.0,8:00:00,1.9923
22.65472,114.016713,1.0,8:00:00,1.9923
22.549971,114.131318,1.0,8:00:00,1.9923
23.258496,113.276614,1.0,8:00:00,1.9923
22.541455,114.091181,1.0,8:00:00,1.9923
22.621285999999998,113.87058200000001,1.0,8:00:00,1.9923
23.134027,113.38836299999998,1.0,8:00:00,1.9923
23.05402,113.87036599999999,3.0,8:00:00,1.9923
23.039768,113.71543999999999,3.0,8:00:00,1.9923
22.810973,113.72352,1.0,8:00:00,1.9923
22.823269,113.681592,1.0,8:00:00,1.9923
22.767689999999998,113.79866200000001,1.0,8:00:00,1.9923
22.769526000000003,114.10534799999999,2.0,8:00:00,1.9923
22.96937,113.767053,3.0,8:00:00,1.9923
22.761235,114.151974,2.0,8:00:00,1.9923
22.929345,113.66228999999998,2.0,8:00:00,1.9923
23.053698999999998,113.958475,1.0,8:00:00,1.9923
22.798648999999997,113.782269,1.0,8:00:00,1.9923
22.976325,114.085426,1.0,8:00:00,1.9923
22.801761,113.724562,1.0,8:00:00,1.9923
22.963595,113.678648,2.0,8:00:00,1.9923
22.948517000000002,113.939403,2.0,8:00:00,1.9923
22.920015,113.86541799999999,3.0,8:00:00,1.9923
23.014449,113.840248,3.0,8:00:00,1.9923
23.043474,114.06768600000001,1.0,8:00:00,1.9923
22.962495999999998,114.18018700000002,2.0,7:00:00,1.9923
22.961047,113.92381599999999,2.0,8:00:00,1.9923
22.987346,114.04026499999999,2.0,8:00:00,1.9923
23.093705,113.78406899999999,3.0,8:00:00,1.9923
23.105495,113.98525500000001,2.0,8:00:00,1.9923
23.042227,113.832825,3.0,8:00:00,1.9923
23.016329000000002,113.710283,2.0,8:00:00,1.9923
22.832212,113.689163,1.0,8:00:00,1.9923
22.8204,113.755576,1.0,8:00:00,1.9923
22.910525,113.998527,1.0,8:00:00,1.9923
22.933476000000002,114.04144,2.0,8:00:00,1.9923
22.816792,114.156049,3.0,8:00:00,1.9923
22.85065,113.642003,1.0,8:00:00,1.9923
22.765165,114.150772,2.0,8:00:00,1.9923
22.848728,114.18367099999999,2.0,7:48:00,1.9923
23.070594,114.007934,1.0,8:00:00,1.9923
22.907607000000002,113.662132,1.0,8:00:00,1.9923
23.097143,113.94473899999998,3.0,8:00:00,1.9923
22.9731,113.736391,2.0,8:00:00,1.9923
22.962249,113.936295,2.0,8:00:00,1.9923
22.905281,113.866005,2.0,8:00:00,1.9923
22.956592999999998,113.885066,3.0,8:00:00,1.9923
23.012891,113.7361,2.0,8:00:00,1.9923
22.986687,113.95669,1.0,8:00:00,1.9923
22.726013000000002,114.17454,2.0,8:00:00,1.9923
22.980135999999998,113.760893,3.0,8:00:00,1.9923
22.761861,114.169312,2.0,8:00:00,1.9923
22.770498999999997,114.093328,2.0,8:00:00,1.9923
22.970974,114.140149,3.0,6:57:00,1.9923
22.927460999999997,114.12380900000001,2.0,7:36:00,1.9923
23.056917000000002,113.97269399999999,1.0,8:00:00,1.9923
22.857635000000002,113.73107900000001,1.0,8:00:00,1.9923
22.969485,114.154996,3.0,6:54:00,1.9923
22.958535,113.89068999999999,3.0,8:00:00,1.9923
22.98412,114.01271499999999,2.0,8:00:00,1.9923
22.805842000000002,113.83894699999999,1.0,8:00:00,1.9923
22.867798,113.84858899999999,1.0,8:00:00,1.9923
23.188125,113.20538700000002,1.0,8:00:00,1.9923
23.158884,113.09293999999998,3.0,8:00:00,1.9923
23.197335,112.885419,2.0,7:09:00,1.9923
23.116107999999997,113.167781,2.0,8:00:00,1.9923
23.10461,112.99215,2.0,7:57:00,1.9923
22.87546,112.936851,1.0,7:06:00,1.9923
22.816468,113.37421699999999,10.0,6:54:00,1.9923
22.848344,113.022846,1.0,7:39:00,1.9923
22.947788,113.274266,1.0,8:00:00,1.9923
22.758389,113.33981000000001,8.0,7:30:00,1.9923
23.197404000000002,113.16475200000001,2.0,8:00:00,1.9923
23.039749,113.149592,2.0,8:00:00,1.9923
22.859167000000003,113.23815400000001,6.0,7:51:00,1.9923
23.178929999999998,112.863593,2.0,7:09:00,1.9923
22.850486,113.155671,3.0,7:51:00,1.9923
23.154408,113.17362,2.0,8:00:00,1.9923
22.713492000000002,113.15874199999999,8.0,7:06:00,1.9923
23.04329,113.105539,3.0,8:00:00,1.9923
23.258385999999998,113.01983700000001,2.0,6:54:00,1.9923
23.190689000000003,113.09203500000001,2.0,7:45:00,1.9923
23.122746,113.192885,2.0,8:00:00,1.9923
22.82251,113.025002,1.0,7:24:00,1.9923
23.059179999999998,113.11551599999999,3.0,8:00:00,1.9923
22.983303,113.309809,1.0,8:00:00,1.6879
23.140365,113.344485,1.0,8:00:00,1.5619999999999998
22.538913,114.065357,1.0,8:00:00,1.4194
23.087982,113.25838999999999,1.0,8:00:00,1.2701
23.127697,113.310772,1.0,8:00:00,1.227
22.708842999999998,114.09350800000001,1.0,8:00:00,1.2121
22.967164,113.996381,1.0,8:00:00,1.1203
22.940835999999997,113.649068,1.0,8:00:00,0.9856
23.126932,113.660297,2.0,7:42:00,0.9847
23.252279,113.233557,1.0,8:00:00,0.9115
23.018857,113.07746999999999,2.0,8:00:00,0.9115
23.015994,113.76411,2.0,8:00:00,0.9079999999999999
23.044736,113.83236299999999,2.0,8:00:00,0.9045
23.059438,113.776895,2.0,8:00:00,0.9011
23.282362,113.33188600000001,1.0,8:00:00,0.8907
23.146495,113.11121499999999,2.0,8:00:00,0.8398
23.108456,113.239011,1.0,8:00:00,0.75
22.729526999999997,114.256978,1.0,8:00:00,0.7461
23.092183,113.334395,1.0,8:00:00,0.7329
22.559631,114.133602,1.0,8:00:00,0.7329
22.785964,113.747859,1.0,8:00:00,0.7301
23.04801,113.401632,1.0,8:00:00,0.7272
22.667073000000002,114.021308,1.0,8:00:00,0.7245
23.100182999999998,113.33743700000001,1.0,8:00:00,0.7245
23.135042000000002,113.32893200000001,1.0,8:00:00,0.7079
23.180978,113.35396200000001,1.0,8:00:00,0.7077
23.115794,113.550495,1.0,8:00:00,0.6838
22.711261,113.811977,1.0,8:00:00,0.6666
23.463938,113.283324,1.0,8:00:00,0.6606
23.109659,113.23763000000001,1.0,8:00:00,0.5676
22.625287,114.15775,1.0,8:00:00,0.5462
22.567391,114.181531,1.0,8:00:00,0.3823
22.562082,113.96282099999999,1.0,8:00:00,0.3808
23.388962,113.213867,1.0,8:00:00,0.3808
22.544267,114.10968999999999,1.0,8:00:00,0.3794
22.73447,114.293377,1.0,8:00:00,0.3794
23.126134,113.430484,1.0,8:00:00,0.3794
23.113298999999998,113.2858,1.0,8:00:00,0.3794
23.190896,113.34069,1.0,8:00:00,0.3779
23.123978,113.26787900000001,1.0,8:00:00,0.3779
23.297187,113.309771,1.0,8:00:00,0.3779
22.524853,113.932363,1.0,8:00:00,0.3779
22.554932,113.94766499999999,1.0,8:00:00,0.3779
23.036541,113.294234,1.0,8:00:00,0.3764
22.677466,114.00708300000001,1.0,8:00:00,0.3764
23.097177,113.794141,1.0,8:00:00,0.3764
23.025983,113.16049,1.0,8:00:00,0.3764
23.191485,113.341252,1.0,8:00:00,0.375
22.960654,113.356821,1.0,8:00:00,0.375
22.588816,113.971681,1.0,8:00:00,0.375
23.093239999999998,113.161075,1.0,8:00:00,0.375
23.176391,113.265977,1.0,8:00:00,0.3736
22.537965,114.083933,1.0,8:00:00,0.3736
23.125325,113.415681,1.0,8:00:00,0.3736
23.095389,113.36431100000001,1.0,8:00:00,0.3736
22.73711,113.836685,1.0,8:00:00,0.3721
23.089928,113.52441699999999,1.0,8:00:00,0.3721
23.114597,113.437809,1.0,8:00:00,0.3721
23.153595000000003,113.33431999999999,1.0,8:00:00,0.3721
23.041501,113.31776299999999,1.0,8:00:00,0.3721
22.516122,114.05089699999999,1.0,8:00:00,0.3721
22.678757,114.000754,1.0,8:00:00,0.3721
22.582619,113.87968500000001,1.0,8:00:00,0.3721
22.631252,114.22020800000001,1.0,8:00:00,0.3721
22.709633,113.795383,1.0,8:00:00,0.3707
23.106351,113.25693400000002,1.0,8:00:00,0.3707
22.494423,113.94005700000001,1.0,8:00:00,0.3707
23.158466,113.20445600000001,1.0,8:00:00,0.3707
23.183163,113.351206,1.0,8:00:00,0.3707
22.791710000000002,113.750679,1.0,8:00:00,0.3707
22.820459,113.241417,3.0,7:45:00,0.3707
22.944018,112.84557,2.0,6:57:00,0.3707
22.989608,113.13176000000001,1.0,8:00:00,0.3707
23.260226,113.785591,1.0,7:00:00,0.3693
22.868659,113.45698700000001,1.0,7:45:00,0.3693
22.542164,114.085394,1.0,8:00:00,0.3693
22.641969,114.429571,1.0,7:15:00,0.3693
22.553168,114.08731999999999,1.0,8:00:00,0.3693
23.103622,113.459465,1.0,8:00:00,0.3693
23.139774,113.26723100000001,1.0,8:00:00,0.3693
22.616148000000003,114.113674,1.0,8:00:00,0.3678
23.11996,113.39460700000001,1.0,8:00:00,0.3678
22.541287,113.97488600000001,1.0,8:00:00,0.3678
23.048139000000003,113.39988600000001,1.0,8:00:00,0.3678
23.138078,113.361953,1.0,8:00:00,0.3678
22.686509,113.98283700000002,1.0,8:00:00,0.3678
22.597054999999997,114.26883500000001,1.0,7:54:00,0.3678
22.989310999999997,113.25415600000001,1.0,8:00:00,0.3678
22.617745000000003,113.84745,1.0,8:00:00,0.3664
23.282405999999998,113.34135,1.0,8:00:00,0.3664
23.11935,113.297393,1.0,8:00:00,0.3664
22.78981,113.915402,1.0,8:00:00,0.3664
22.697284,114.229877,1.0,8:00:00,0.3664
22.73786,114.01781100000001,1.0,8:00:00,0.3664
22.897819000000002,113.66941399999999,1.0,8:00:00,0.3664
22.635813,114.06846200000001,1.0,8:00:00,0.365
22.667868,113.99696899999999,1.0,8:00:00,0.365
22.764687,113.818122,1.0,8:00:00,0.365
22.559829,114.142063,1.0,8:00:00,0.365
23.049722,113.401725,1.0,8:00:00,0.365
23.220557,113.301598,1.0,8:00:00,0.365
22.643389000000003,114.194805,1.0,8:00:00,0.365
22.914986,114.0613,1.0,8:00:00,0.365
23.068304,112.851532,1.0,6:54:00,0.365
23.045104000000002,113.09069,1.0,8:00:00,0.365
23.058126,113.113304,1.0,8:00:00,0.365
23.054918,113.41296399999999,1.0,8:00:00,0.3636
22.785235,113.390047,3.0,7:03:00,0.3636
22.557314,114.237851,1.0,8:00:00,0.3636
23.222085999999997,113.299249,1.0,8:00:00,0.3636
22.657737,114.04591299999998,1.0,8:00:00,0.3636
22.724736,114.075841,1.0,8:00:00,0.3636
22.535841,113.92102,1.0,8:00:00,0.3636
23.114495,113.28336100000001,1.0,8:00:00,0.3636
22.65537,114.01463700000001,1.0,8:00:00,0.3636
22.607224,114.13582099999999,1.0,8:00:00,0.3636
22.635943,114.19548999999999,1.0,8:00:00,0.3636
23.127198999999997,113.368326,1.0,8:00:00,0.3636
23.086145000000002,113.34486399999999,1.0,8:00:00,0.3636
22.607974,113.86905800000001,1.0,8:00:00,0.3636
22.669242,114.03156000000001,1.0,8:00:00,0.3636
23.152238,113.352632,1.0,8:00:00,0.3636
22.6343,114.08765,1.0,8:00:00,0.3636
23.091579,113.536227,1.0,8:00:00,0.3636
23.130042,113.26154199999999,1.0,8:00:00,0.3636
23.057688,113.395357,1.0,8:00:00,0.3636
23.234287,113.30200900000001,1.0,8:00:00,0.3636
23.093022,113.38558400000001,1.0,8:00:00,0.3636
22.660771,114.051308,1.0,8:00:00,0.3636
22.571382999999997,113.869454,1.0,8:00:00,0.3636
23.08144,113.314419,1.0,8:00:00,0.3636
22.925945000000002,113.365381,1.0,8:00:00,0.3636
23.036259,113.79551200000002,1.0,8:00:00,0.3636
23.035068,113.77925,1.0,8:00:00,0.3636
22.796321,114.15984499999999,1.0,8:00:00,0.3636
22.94227,113.268151,1.0,8:00:00,0.3636
23.4561,113.28,1.0,8:00:00,0.3636
23.58785,113.619693,2.0,7:00:00,0.3622
22.673385,113.942687,1.0,8:00:00,0.3622
22.648069,114.03620900000001,1.0,8:00:00,0.3622
22.60285,114.11821100000002,1.0,8:00:00,0.3622
22.615604,114.11498300000001,1.0,8:00:00,0.3622
22.710186,113.804501,1.0,8:00:00,0.3622
22.647217,114.19216499999999,1.0,8:00:00,0.3622
22.699995,113.797405,1.0,8:00:00,0.3622
22.509002,114.05713300000001,1.0,8:00:00,0.3622
22.735088,113.840217,1.0,8:00:00,0.3622
22.710357000000002,114.24983,1.0,8:00:00,0.3622
22.708666,114.247744,1.0,8:00:00,0.3622
23.049141,113.394477,1.0,8:00:00,0.3622
23.222997,113.60921299999998,1.0,7:12:00,0.3622
23.30871,113.57523300000001,1.0,6:39:00,0.3622
23.126572,113.317045,1.0,8:00:00,0.3622
22.80265,113.845027,1.0,8:00:00,0.3622
22.549708,114.12619099999999,1.0,8:00:00,0.3622
23.1441,113.336,1.0,8:00:00,0.3622
23.372588,113.44516599999999,1.0,7:21:00,0.3622
22.48433,113.910578,1.0,8:00:00,0.3622
22.534348,114.07514499999999,1.0,8:00:00,0.3622
22.640956,114.190426,1.0,8:00:00,0.3622
23.131268,113.394681,1.0,8:00:00,0.3622
23.092992000000002,113.38541699999999,1.0,8:00:00,0.3622
22.779598,113.767788,1.0,8:00:00,0.3622
23.018359,113.998026,1.0,8:00:00,0.3622
23.027314,113.14695800000001,1.0,8:00:00,0.3622
22.641634,114.21803100000001,1.0,8:00:00,0.354
23.106249,113.21855500000001,1.0,8:00:00,0.354
23.147679,113.251731,1.0,8:00:00,0.3535
23.103251,113.278701,1.0,8:00:00,0.3508
23.105029000000002,113.325525,1.0,8:00:00,0.3508
23.12345,113.303099,1.0,8:00:00,0.3494
23.173973,113.26476799999999,1.0,8:00:00,0.3467
23.132375,113.192373,1.0,8:00:00,0.3454
22.601551999999998,114.13655200000001,1.0,8:00:00,0.3419
23.188935,113.330106,1.0,8:00:00,0.3414
23.140092000000003,113.268413,1.0,8:00:00,0.3414
22.51238,113.931471,1.0,8:00:00,0.3398
22.558309,114.161286,1.0,8:00:00,0.3252
23.198685,113.360937,1.0,8:00:00,0.2886
22.752244,113.87611000000001,1.0,8:00:00,0.2853
23.214208,113.225269,1.0,8:00:00,0.285
23.118348,113.248571,1.0,8:00:00,0.2408
22.703625,114.236176,1.0,8:00:00,0.237
22.528654,114.05363500000001,1.0,8:00:00,0.2264
23.071442,113.891204,1.0,8:00:00,0.1566
23.170703,113.46449399999999,1.0,8:00:00,0.14300000000000002
23.148751999999998,113.35121200000002,1.0,8:00:00,0.14300000000000002
23.131781,113.272225,1.0,8:00:00,0.14300000000000002
23.063448,113.289247,1.0,8:00:00,0.14300000000000002
23.022259,113.96526599999999,1.0,8:00:00,0.14300000000000002
23.159187,112.83476100000001,1.0,7:09:00,0.14300000000000002
23.103973,113.27076399999999,1.0,8:00:00,0.1403
22.807693,113.85030800000001,1.0,8:00:00,0.1331
22.966469,113.017223,1.0,8:00:00,0.1097
23.258072,113.315579,1.0,8:00:00,0.1092
23.029455,113.233272,1.0,8:00:00,0.1092
22.68551,114.16408999999999,1.0,8:00:00,0.09300000000000001
22.956234,113.364883,1.0,8:00:00,0.09300000000000001
22.656633,114.025402,1.0,8:00:00,0.09300000000000001
22.545845,114.10798600000001,1.0,8:00:00,0.09300000000000001
22.656513,114.088355,1.0,8:00:00,0.09300000000000001
23.161376999999998,113.27109399999999,1.0,8:00:00,0.09300000000000001
23.157744,113.432903,1.0,8:00:00,0.0927
23.316914,113.60555500000001,1.0,6:42:00,0.0927
23.355583,113.14909399999999,1.0,7:48:00,0.0927
23.000026000000002,113.662626,1.0,8:00:00,0.0927
22.781126,113.243096,2.0,7:48:00,0.0927
22.720263,113.811609,1.0,8:00:00,0.0923
22.923575,114.020889,1.0,8:00:00,0.0923
22.743748,114.263625,1.0,8:00:00,0.092
22.659456,114.012307,1.0,8:00:00,0.092
23.1831,113.34978000000001,1.0,8:00:00,0.0916
22.574637,113.894997,1.0,8:00:00,0.0916
22.850576999999998,114.15823600000002,1.0,8:00:00,0.0916
22.655628,113.92788700000001,1.0,8:00:00,0.0913
22.564083,113.899875,1.0,8:00:00,0.0913
23.123324,113.634497,1.0,7:57:00,0.0913
22.782264,114.323155,1.0,8:00:00,0.0913
23.189315,113.270151,1.0,8:00:00,0.0913
22.934209,113.84728600000001,1.0,8:00:00,0.0913
22.554156,114.08928,1.0,8:00:00,0.081
23.193220999999998,113.33403500000001,1.0,8:00:00,0.0451
22.531045000000002,113.92504699999999,1.0,8:00:00,0.040999999999999995
22.639528,114.043671,1.0,8:00:00,0.040999999999999995
23.140301,113.38646899999999,1.0,8:00:00,0.0377
23.233649,113.27835400000001,1.0,8:00:00,0.0358
23.129889000000002,113.40561299999999,1.0,8:00:00,0.0247
22.932951,113.64879199999999,1.0,8:00:00,0.0194
23.264235,113.78286899999999,1.0,7:03:00,0.0193
22.840505,113.277245,1.0,8:00:00,0.0124
23.069415,113.28760600000001,1.0,8:00:00,0.0121
23.333446,113.301736,1.0,8:00:00,0.0062
22.693506,113.994101,1.0,8:00:00,0.0036
23.133238000000002,113.23986399999998,1.0,8:00:00,0.0001
,,,,
